sample_id,source_row_index,speaker_id,emotion,accent,audio_sha256,feature_family,feature_version,model_revision,artifact_path,artifact_sha256,shape,dtype,finite_fraction,status,error
visec_hf_003719,3719,6,happy,central,1d78c541aa36e0738f7b0111c92ac92f9a21a61699280754e080ca2018ae319c,wav2vec2_embedding,b4_features_v1,86bde51fa76dd7f2c4c1bb28d7475d622639f869,data/interim/features/b4_features_v1/wav2vec2_chunk_o003584_n000256/wav2vec2_embedding/visec_hf_003719.npy,08318ecb2bf8fc595e0e112a4a89e3a8e51d97e6df33a83bcb2d1ab7c210a548,768,float32,1.00000000,ok,
visec_hf_003720,3720,0,angry,south,2894bbe175c403a6938adda95ed94e4bd65dd5cbc451c928214c810e3b55a4f4,wav2vec2_embedding,b4_features_v1,86bde51fa76dd7f2c4c1bb28d7475d622639f869,data/interim/features/b4_features_v1/wav2vec2_chunk_o003584_n000256/wav2vec2_embedding/visec_hf_003720.npy,dc94ccd863e443be73653793648a3c977794eb4113ff5ef274a339dae215d41d,768,float32,1.00000000,ok,
visec_hf_003721,3721,0,neutral,south,59c3fdae0185acd5bbffd170a8191c7864795a0fdb0cc402b4b724abaf19b657,wav2vec2_embedding,b4_features_v1,86bde51fa76dd7f2c4c1bb28d7475d622639f869,data/interim/features/b4_features_v1/wav2vec2_chunk_o003584_n000256/wav2vec2_embedding/visec_hf_003721.npy,7f64e1ce3847f4ad9024f83215a280448c71a3996b2e60ee235bd30da2e78541,768,float32,1.00000000,ok,
visec_hf_003722,3722,16,neutral,north,8b45fac856495c33cbac50c5b07c1780cf8b4df946d91f931858ecbd15c2bae1,wav2vec2_embedding,b4_features_v1,86bde51fa76dd7f2c4c1bb28d7475d622639f869,data/interim/features/b4_features_v1/wav2vec2_chunk_o003584_n000256/wav2vec2_embedding/visec_hf_003722.npy,d8e3ad075f3c95f22cc96d0219026e91a911feb641a7b2874ae55d74ab87b793,768,float32,1.00000000,ok,
visec_hf_003723,3723,69,neutral,central,b753c5aca9cdc6508a99bc23f2226a67181e4483dff0921345f0993cae562f25,wav2vec2_embedding,b4_features_v1,86bde51fa76dd7f2c4c1bb28d7475d622639f869,data/interim/features/b4_features_v1/wav2vec2_chunk_o003584_n000256/wav2vec2_embedding/visec_hf_003723.npy,381b3b87135d7b786f1c5b9fcf50ed61a55344cda9bf4df485371132f6a3bf0d,768,float32,1.00000000,ok,
visec_hf_003724,3724,59,neutral,south,94a16f170b7ef500d136964e538339a38607835ba822d4e4d001abdbfda6ab8b,wav2vec2_embedding,b4_features_v1,86bde51fa76dd7f2c4c1bb28d7475d622639f869,data/interim/features/b4_features_v1/wav2vec2_chunk_o003584_n000256/wav2vec2_embedding/visec_hf_003724.npy,c0b53715f65b3c8e5be9df450d82fc334b8b462ae31b57694757c09a8be85077,768,float32,1.00000000,ok,
visec_hf_003725,3725,21,happy,south,32460f769b29387a9cdca79f52dd2d66e7aa1a1c7029ccf6b468ada7c13278d2,wav2vec2_embedding,b4_features_v1,86bde51fa76dd7f2c4c1bb28d7475d622639f869,data/interim/features/b4_features_v1/wav2vec2_chunk_o003584_n000256/wav2vec2_embedding/visec_hf_003725.npy,69c22fdbfdf5c3f69c27f94dc64c619effa1b42ffc7f1f2d9afddd8109cfc3cb,768,float32,1.00000000,ok,
visec_hf_003726,3726,15,happy,south,86208bfaf875bb40371935fc24c785130b2ebb62cf9ff1472e05c129d48325de,wav2vec2_embedding,b4_features_v1,86bde51fa76dd7f2c4c1bb28d7475d622639f869,data/interim/features/b4_features_v1/wav2vec2_chunk_o003584_n000256/wav2vec2_embedding/visec_hf_003726.npy,11ab865852bdb124f6d2a5752f59603043dc6683e13d537124dd856bf9271625,768,float32,1.00000000,ok,
visec_hf_003727,3727,6,happy,central,5bd436c55b23340fcda88ac934c8ce9aa519948db7485eb8bb1f4370ae89fd7b,wav2vec2_embedding,b4_features_v1,86bde51fa76dd7f2c4c1bb28d7475d622639f869,data/interim/features/b4_features_v1/wav2vec2_chunk_o003584_n000256/wav2vec2_embedding/visec_hf_003727.npy,bfce9f82933abd620d4e2c6fea714966d8c0a1228ce1cc53f4d7ea5a09f563eb,768,float32,1.00000000,ok,
visec_hf_003728,3728,54,sad,north,d0db2ee5b5572b7982c3449caf96550354aaf8b9fb5cd940ef5958bf1636820b,wav2vec2_embedding,b4_features_v1,86bde51fa76dd7f2c4c1bb28d7475d622639f869,data/interim/features/b4_features_v1/wav2vec2_chunk_o003584_n000256/wav2vec2_embedding/visec_hf_003728.npy,22336746dad69f2cd2660c435dc5fbc38b09044034fd3e5737e53b82b2058ad2,768,float32,1.00000000,ok,
visec_hf_003729,3729,27,neutral,north,649c472526fbbf5a1445833920248d454a01adf40d432e587826524517c2a51f,wav2vec2_embedding,b4_features_v1,86bde51fa76dd7f2c4c1bb28d7475d622639f869,data/interim/features/b4_features_v1/wav2vec2_chunk_o003584_n000256/wav2vec2_embedding/visec_hf_003729.npy,5eeecf344c70a809d8a115d347082fc72e67ddddff6574daeb89cec96edaaa75,768,float32,1.00000000,ok,
visec_hf_003730,3730,6,happy,central,0933050a52fb0533b4200a8f0fa7b6d1340bb179994d530425b5c124adbda2d6,wav2vec2_embedding,b4_features_v1,86bde51fa76dd7f2c4c1bb28d7475d622639f869,data/interim/features/b4_features_v1/wav2vec2_chunk_o003584_n000256/wav2vec2_embedding/visec_hf_003730.npy,a1cd6790600d14881bc89abd249b45fb78376fcee6b15791230643a677dccd11,768,float32,1.00000000,ok,
visec_hf_003731,3731,0,sad,south,65f96a67fec9872366f25478b0910a513fe0b708662ff7aa546977e5eeb064b8,wav2vec2_embedding,b4_features_v1,86bde51fa76dd7f2c4c1bb28d7475d622639f869,data/interim/features/b4_features_v1/wav2vec2_chunk_o003584_n000256/wav2vec2_embedding/visec_hf_003731.npy,c22310a95e32ae2fd4d1114f4ff3d8322148ff833f4aaa471786d179bc59417e,768,float32,1.00000000,ok,
visec_hf_003732,3732,0,sad,south,f1d2e958b447d5c8642efa7d708ff4afe1ae8e17371ccac0089c1be9b25e9c82,wav2vec2_embedding,b4_features_v1,86bde51fa76dd7f2c4c1bb28d7475d622639f869,data/interim/features/b4_features_v1/wav2vec2_chunk_o003584_n000256/wav2vec2_embedding/visec_hf_003732.npy,0361a864f10a13c5ec2769b23b2a6dab74f5c387d9051c38fc53006eedfa1b68,768,float32,1.00000000,ok,
visec_hf_003733,3733,0,angry,south,e22467f34eaeb3a14a069e22432a4191e6a31a08f4f4ccec7ca60dd8c937d0cd,wav2vec2_embedding,b4_features_v1,86bde51fa76dd7f2c4c1bb28d7475d622639f869,data/interim/features/b4_features_v1/wav2vec2_chunk_o003584_n000256/wav2vec2_embedding/visec_hf_003733.npy,6f44321d34aaf80d5265a8398f88a788a2df5c7be3ce005553fb3b34b7d98d8e,768,float32,1.00000000,ok,
visec_hf_003734,3734,0,angry,south,9ba83273fe20255b6e999d7498648014ff90e0d173c03d9be2e2c2c82945280a,wav2vec2_embedding,b4_features_v1,86bde51fa76dd7f2c4c1bb28d7475d622639f869,data/interim/features/b4_features_v1/wav2vec2_chunk_o003584_n000256/wav2vec2_embedding/visec_hf_003734.npy,726fa4809cfb2219a38356f867dec540e54a958dada151df2080a555bdc55372,768,float32,1.00000000,ok,
visec_hf_003735,3735,0,sad,south,d7a53aac40f32d3a9413c7c16e349d95279c0ad33bfb088907b1da9282b22308,wav2vec2_embedding,b4_features_v1,86bde51fa76dd7f2c4c1bb28d7475d622639f869,data/interim/features/b4_features_v1/wav2vec2_chunk_o003584_n000256/wav2vec2_embedding/visec_hf_003735.npy,2e61f3103b95329985bea7e79f7b36c305401d905d1b6f15078e3b3ab4b9a024,768,float32,1.00000000,ok,
visec_hf_003736,3736,15,neutral,south,3e28266f5cc27ae8a3e886c9634890ea9d690c7ebefd7dc3c4d73cde5afe099f,wav2vec2_embedding,b4_features_v1,86bde51fa76dd7f2c4c1bb28d7475d622639f869,data/interim/features/b4_features_v1/wav2vec2_chunk_o003584_n000256/wav2vec2_embedding/visec_hf_003736.npy,b1918ed30e26ae9030f879923301c938e0288a826ad8f0b0527be77da8e3bb55,768,float32,1.00000000,ok,
visec_hf_003737,3737,6,neutral,central,65a0fd3152269042394bc7c102bdd4d75e30d755e3e236441274d720227adb27,wav2vec2_embedding,b4_features_v1,86bde51fa76dd7f2c4c1bb28d7475d622639f869,data/interim/features/b4_features_v1/wav2vec2_chunk_o003584_n000256/wav2vec2_embedding/visec_hf_003737.npy,3d8bdabb285c8b56dd158d2e83bfaaa4f082a02d0d0b16cfa6ba1218d6e5194a,768,float32,1.00000000,ok,
visec_hf_003738,3738,0,angry,south,0bd7450b7052dbeb2a34a0b8ceafa5bc6c1999d76da8a45f88dc85fcf87fc50a,wav2vec2_embedding,b4_features_v1,86bde51fa76dd7f2c4c1bb28d7475d622639f869,data/interim/features/b4_features_v1/wav2vec2_chunk_o003584_n000256/wav2vec2_embedding/visec_hf_003738.npy,237615af83bd00b718835b8261b5d3b452f18681bb10451ed5b3ef336a9e887c,768,float32,1.00000000,ok,
visec_hf_003739,3739,0,neutral,south,9f03d230a8c1743b020ff20080dd9c949b7d1f52671dbb1c1c7f9d8c0864a610,wav2vec2_embedding,b4_features_v1,86bde51fa76dd7f2c4c1bb28d7475d622639f869,data/interim/features/b4_features_v1/wav2vec2_chunk_o003584_n000256/wav2vec2_embedding/visec_hf_003739.npy,92748264125845faf94c53ea638e15fe53d730c7bcd10c780745926bf71c1d2a,768,float32,1.00000000,ok,
visec_hf_003740,3740,0,happy,south,f612ee760c0f26018146cdb14ab8db04e9339c8c0ffa91f020f7d03a4b612f2d,wav2vec2_embedding,b4_features_v1,86bde51fa76dd7f2c4c1bb28d7475d622639f869,data/interim/features/b4_features_v1/wav2vec2_chunk_o003584_n000256/wav2vec2_embedding/visec_hf_003740.npy,88c2b00345e4016ea5724a7dc895e1c10fbe501d5bc7a04e862a9d132c481a58,768,float32,1.00000000,ok,
visec_hf_003741,3741,52,angry,north,2887311ab8f9faae517960d4de11e9f5252635a701ef936b00b0f41098741d3a,wav2vec2_embedding,b4_features_v1,86bde51fa76dd7f2c4c1bb28d7475d622639f869,data/interim/features/b4_features_v1/wav2vec2_chunk_o003584_n000256/wav2vec2_embedding/visec_hf_003741.npy,a3bb8f9604a55c964b3e0b682e0e06a96ebc82c3e03222f015cd3025adbb4e05,768,float32,1.00000000,ok,
visec_hf_003743,3743,6,neutral,central,7fa1a4f589347c762afac71f8cb30cb0f5b481c2537014eac5cd6ea13450cf96,wav2vec2_embedding,b4_features_v1,86bde51fa76dd7f2c4c1bb28d7475d622639f869,data/interim/features/b4_features_v1/wav2vec2_chunk_o003584_n000256/wav2vec2_embedding/visec_hf_003743.npy,9b53cc294a0fdf6c18234a49bd5d67e4599132f3be2ad3434112c327e685c472,768,float32,1.00000000,ok,
visec_hf_003744,3744,97,angry,south,4f05dcb630aa76b2b968bec23aba4dcfc78a65e2b344682c4c4d87ec0839b3dc,wav2vec2_embedding,b4_features_v1,86bde51fa76dd7f2c4c1bb28d7475d622639f869,data/interim/features/b4_features_v1/wav2vec2_chunk_o003584_n000256/wav2vec2_embedding/visec_hf_003744.npy,80551a5df719a0007272651e9798b5e188d3bdf7ea8ccf7447a7156f253d92c1,768,float32,1.00000000,ok,
visec_hf_003745,3745,49,sad,south,3a4dc784080d3278863459f2d392f24f0e3abd2c99bddfc8c545a0d03275ca39,wav2vec2_embedding,b4_features_v1,86bde51fa76dd7f2c4c1bb28d7475d622639f869,data/interim/features/b4_features_v1/wav2vec2_chunk_o003584_n000256/wav2vec2_embedding/visec_hf_003745.npy,fdfa40978f746880729e2813aa2ba558ac7139afffecba8b7e18d9a83b5cf9c2,768,float32,1.00000000,ok,
visec_hf_003747,3747,6,happy,central,94116393ca780a3674c6746e0ee434b49a3d5792dae74ac6bfcfc946a373cc76,wav2vec2_embedding,b4_features_v1,86bde51fa76dd7f2c4c1bb28d7475d622639f869,data/interim/features/b4_features_v1/wav2vec2_chunk_o003584_n000256/wav2vec2_embedding/visec_hf_003747.npy,54dbda10674e42b22304f30c65e4cf5290b24b6db1a3c12324835f6e9f615d54,768,float32,1.00000000,ok,
visec_hf_003748,3748,0,happy,south,82541450c9223372799473bfdd30036439447e0cb03ee5a393360b3ecd4e93f1,wav2vec2_embedding,b4_features_v1,86bde51fa76dd7f2c4c1bb28d7475d622639f869,data/interim/features/b4_features_v1/wav2vec2_chunk_o003584_n000256/wav2vec2_embedding/visec_hf_003748.npy,695b448843c8edc21b6641a48f769e06ceaba19f2e6e63ff7165037c93c829c7,768,float32,1.00000000,ok,
visec_hf_003749,3749,0,angry,south,dd83f92711ba6a0f500bea59d5e847448803a7ae0a6c5c00fd8d4b11b0c1e245,wav2vec2_embedding,b4_features_v1,86bde51fa76dd7f2c4c1bb28d7475d622639f869,data/interim/features/b4_features_v1/wav2vec2_chunk_o003584_n000256/wav2vec2_embedding/visec_hf_003749.npy,d68f5ab9d1a7dccb9cae20d57f61e57cf7a01302e8ce2e8ffaee5c0d471ca196,768,float32,1.00000000,ok,
visec_hf_003750,3750,38,angry,south,d254518a1068baecd9901bb2bb5acded92a1ff40c90834b901d0acb9e2ff876c,wav2vec2_embedding,b4_features_v1,86bde51fa76dd7f2c4c1bb28d7475d622639f869,data/interim/features/b4_features_v1/wav2vec2_chunk_o003584_n000256/wav2vec2_embedding/visec_hf_003750.npy,748a864c8241a7787480efe30298271c91a5cc79f4bb94e7b3b1cf7af57eaaa3,768,float32,1.00000000,ok,
visec_hf_003751,3751,3,sad,north,ea60b36813517f660a712287af81b2161200aec6bf675c3f89212f59faecf64a,wav2vec2_embedding,b4_features_v1,86bde51fa76dd7f2c4c1bb28d7475d622639f869,data/interim/features/b4_features_v1/wav2vec2_chunk_o003584_n000256/wav2vec2_embedding/visec_hf_003751.npy,4d3a1d93f11447d9f7323571519e481723f97a1ca35d578feb92a10913c7e3fd,768,float32,1.00000000,ok,
visec_hf_003752,3752,26,angry,north,b9b311245849ff8e8d36cad291c024ef00354d3251c270815eb3e1d64449e92c,wav2vec2_embedding,b4_features_v1,86bde51fa76dd7f2c4c1bb28d7475d622639f869,data/interim/features/b4_features_v1/wav2vec2_chunk_o003584_n000256/wav2vec2_embedding/visec_hf_003752.npy,a598616694cb3856b757c7337c10e0752052f8e6e9dac1d00bda3a17e6db0865,768,float32,1.00000000,ok,
visec_hf_003753,3753,0,sad,south,ffed6f64fb782285862ff827f27e382726e5731724114bbd01b506fdcf006c16,wav2vec2_embedding,b4_features_v1,86bde51fa76dd7f2c4c1bb28d7475d622639f869,data/interim/features/b4_features_v1/wav2vec2_chunk_o003584_n000256/wav2vec2_embedding/visec_hf_003753.npy,464d5c27d87e0af4a571b70d0ce811f179d6fdaad534b4a0e4e00b48c73bbc52,768,float32,1.00000000,ok,
visec_hf_003754,3754,19,sad,north,dd433affd376a872bd7a576456431086634feb7a68abc0fabc4a5fe12e495db6,wav2vec2_embedding,b4_features_v1,86bde51fa76dd7f2c4c1bb28d7475d622639f869,data/interim/features/b4_features_v1/wav2vec2_chunk_o003584_n000256/wav2vec2_embedding/visec_hf_003754.npy,51b1024fbf01aa4bd1fbe12cffd5ce95b7ec7f55335fecd6bf26d8a16517673e,768,float32,1.00000000,ok,
visec_hf_003755,3755,108,happy,north,2d23ad22d154d303785796bac072035fb9cd4141f676ecee05d2dbd2f811277a,wav2vec2_embedding,b4_features_v1,86bde51fa76dd7f2c4c1bb28d7475d622639f869,data/interim/features/b4_features_v1/wav2vec2_chunk_o003584_n000256/wav2vec2_embedding/visec_hf_003755.npy,ed60becb9a9c77949b3c6b8cf5756f57c0b9d0bc90557f06aa32348bbf99132d,768,float32,1.00000000,ok,
visec_hf_003756,3756,0,neutral,south,8957bf5f5ba28a1d7a19909b2686ef80ce6388bd408af38becfe30a7777bab1a,wav2vec2_embedding,b4_features_v1,86bde51fa76dd7f2c4c1bb28d7475d622639f869,data/interim/features/b4_features_v1/wav2vec2_chunk_o003584_n000256/wav2vec2_embedding/visec_hf_003756.npy,3a6dddd3261368ebe14dcff4df9b00e226ffbf3e22f3476d55e680d7d4f81522,768,float32,1.00000000,ok,
visec_hf_003757,3757,0,sad,south,d937c97131d163c53cfe78f81a8cb0ed4e537de162f810af07f463c03891e59d,wav2vec2_embedding,b4_features_v1,86bde51fa76dd7f2c4c1bb28d7475d622639f869,data/interim/features/b4_features_v1/wav2vec2_chunk_o003584_n000256/wav2vec2_embedding/visec_hf_003757.npy,3bc166ba16a61c42ca003350947f99cbf0b49d22b5fae614b877cf456258233a,768,float32,1.00000000,ok,
visec_hf_003758,3758,29,angry,north,d891767868b02d2128017c633570fe78f4c911abb7e94a85139a3571af0d0d20,wav2vec2_embedding,b4_features_v1,86bde51fa76dd7f2c4c1bb28d7475d622639f869,data/interim/features/b4_features_v1/wav2vec2_chunk_o003584_n000256/wav2vec2_embedding/visec_hf_003758.npy,53d9c3e726b10195184dc6870d33127adabf2dc3c0eeb31669efd42ab8d89d29,768,float32,1.00000000,ok,
visec_hf_003759,3759,0,angry,south,1a1d9f911a5fce3f73fffaa947f09b810463cc0971912b55012800077eecd0f4,wav2vec2_embedding,b4_features_v1,86bde51fa76dd7f2c4c1bb28d7475d622639f869,data/interim/features/b4_features_v1/wav2vec2_chunk_o003584_n000256/wav2vec2_embedding/visec_hf_003759.npy,af0ceac6f4df461bb5815211efed79d767c8e860767ab64cbccbc0af58d38d45,768,float32,1.00000000,ok,
visec_hf_003760,3760,0,angry,south,a35c017e56ed5b6f1009b8bc063ac984d6994a8dc18ba3f6bd9af8351c0642b7,wav2vec2_embedding,b4_features_v1,86bde51fa76dd7f2c4c1bb28d7475d622639f869,data/interim/features/b4_features_v1/wav2vec2_chunk_o003584_n000256/wav2vec2_embedding/visec_hf_003760.npy,8451090eb396c700d064d88ffda1f7c42a0575d44f3636261ab2c61ea3bd0bea,768,float32,1.00000000,ok,
visec_hf_003761,3761,38,angry,south,907ebe38b02d84da9dbababb6ecea6f0e5d4e974f3cebe5d29a26e5829f2d9e1,wav2vec2_embedding,b4_features_v1,86bde51fa76dd7f2c4c1bb28d7475d622639f869,data/interim/features/b4_features_v1/wav2vec2_chunk_o003584_n000256/wav2vec2_embedding/visec_hf_003761.npy,2d9c67b91dad358cd91ef87ff871303673b7aacad0eeac584976d6d62f13e75e,768,float32,1.00000000,ok,
visec_hf_003762,3762,87,neutral,north,5d3c5de7d6940c39bc3b85dd95f1a105380b2d9261a73c656322ad2dd59360fb,wav2vec2_embedding,b4_features_v1,86bde51fa76dd7f2c4c1bb28d7475d622639f869,data/interim/features/b4_features_v1/wav2vec2_chunk_o003584_n000256/wav2vec2_embedding/visec_hf_003762.npy,649af189d64edf7c68a4bc91366edbb0dcd3b1c063af16cebee1e17158ff52f3,768,float32,1.00000000,ok,
visec_hf_003763,3763,73,angry,north,edf57a1ea7c51c0081fed7ca2f3b47965f7b0042ec8073cd071ca10803231e8f,wav2vec2_embedding,b4_features_v1,86bde51fa76dd7f2c4c1bb28d7475d622639f869,data/interim/features/b4_features_v1/wav2vec2_chunk_o003584_n000256/wav2vec2_embedding/visec_hf_003763.npy,a88fc8f7072cd718a809f552d44c01d01307885b2d868f591b70b63ce60d26ef,768,float32,1.00000000,ok,
visec_hf_003764,3764,0,neutral,south,da55f036f4cde4ea8b034d09144f70ebe176797086fd8ab9b3195536d00d7f47,wav2vec2_embedding,b4_features_v1,86bde51fa76dd7f2c4c1bb28d7475d622639f869,data/interim/features/b4_features_v1/wav2vec2_chunk_o003584_n000256/wav2vec2_embedding/visec_hf_003764.npy,fafadaf01a87bfb60bc6f3b26333662d1f410fdee5ab2d9cf96a3dec75e88da5,768,float32,1.00000000,ok,
visec_hf_003765,3765,0,angry,south,d8a5b773f4d683eeae7fe5ffc77283518b03418c202fbd8d22ffdc37692b7e3d,wav2vec2_embedding,b4_features_v1,86bde51fa76dd7f2c4c1bb28d7475d622639f869,data/interim/features/b4_features_v1/wav2vec2_chunk_o003584_n000256/wav2vec2_embedding/visec_hf_003765.npy,d6125b7706e74fe64c13a2e40a0075183bfb611960827deffd8189f58a6abb85,768,float32,1.00000000,ok,
visec_hf_003766,3766,111,neutral,south,ed50341b55761206cd1520d9c743fcee2c6addc3548418c187e700647550080e,wav2vec2_embedding,b4_features_v1,86bde51fa76dd7f2c4c1bb28d7475d622639f869,data/interim/features/b4_features_v1/wav2vec2_chunk_o003584_n000256/wav2vec2_embedding/visec_hf_003766.npy,15a49095566abba7d849896aa56815f3d244a4ab3222c248c59d498d127a0f38,768,float32,1.00000000,ok,
visec_hf_003767,3767,15,neutral,south,3fac728809681fd7178faa59cce01ec2c127978cfc33a695ad6ba66a4157e664,wav2vec2_embedding,b4_features_v1,86bde51fa76dd7f2c4c1bb28d7475d622639f869,data/interim/features/b4_features_v1/wav2vec2_chunk_o003584_n000256/wav2vec2_embedding/visec_hf_003767.npy,ce5cc3b9016a4dd003a65bc9b6ae89ffbf8b2eeeef093e41d19ebde08ce968c5,768,float32,1.00000000,ok,
visec_hf_003768,3768,0,neutral,south,e3122b50d2af5293875596a08aea817002ababdd412098798bef09caf4d25e2d,wav2vec2_embedding,b4_features_v1,86bde51fa76dd7f2c4c1bb28d7475d622639f869,data/interim/features/b4_features_v1/wav2vec2_chunk_o003584_n000256/wav2vec2_embedding/visec_hf_003768.npy,ae723db516bc20ea5b8f0090cc761219250c0f3cec8075b8baa6ab04c93244c2,768,float32,1.00000000,ok,
visec_hf_003769,3769,0,angry,south,06bf71c5d54e609b26c220c7b0f170dc41b03f0b42bdb26114d96e9b0990f6cc,wav2vec2_embedding,b4_features_v1,86bde51fa76dd7f2c4c1bb28d7475d622639f869,data/interim/features/b4_features_v1/wav2vec2_chunk_o003584_n000256/wav2vec2_embedding/visec_hf_003769.npy,96fd0a4eaf9e150d523b163046009c1a7344c7958c7b1758e27fb7db833631ad,768,float32,1.00000000,ok,
visec_hf_003770,3770,0,angry,south,74486f4e6616427111924156771ec4f2e89193ed7e7e7c0447b56bdbc3a9f0c3,wav2vec2_embedding,b4_features_v1,86bde51fa76dd7f2c4c1bb28d7475d622639f869,data/interim/features/b4_features_v1/wav2vec2_chunk_o003584_n000256/wav2vec2_embedding/visec_hf_003770.npy,539483d1b7870cf4cc48422b29eaaf48b74e1cb20488bd6150bd279feb60d9b8,768,float32,1.00000000,ok,
visec_hf_003771,3771,0,angry,south,a9ef0669ff23cda6e0c58f5ebb870d27cc546f5ebd14ab9ac469a3cac5c0c352,wav2vec2_embedding,b4_features_v1,86bde51fa76dd7f2c4c1bb28d7475d622639f869,data/interim/features/b4_features_v1/wav2vec2_chunk_o003584_n000256/wav2vec2_embedding/visec_hf_003771.npy,56e8143dc9cd97238e2f64d61273fc5cd7a8f3aa5e1b66765ad26b935f556ce8,768,float32,1.00000000,ok,
visec_hf_003773,3773,15,neutral,south,09ec6ac738e3f05bd013e772fa002dd3ef62ead15b720ee58875f0558cd1bcbb,wav2vec2_embedding,b4_features_v1,86bde51fa76dd7f2c4c1bb28d7475d622639f869,data/interim/features/b4_features_v1/wav2vec2_chunk_o003584_n000256/wav2vec2_embedding/visec_hf_003773.npy,4878087be73f2c17a634aa50135fdc8762d42bccb453fb67b1d0ea3dd765ebda,768,float32,1.00000000,ok,
visec_hf_003774,3774,32,neutral,south,3bb784be082b2718eab11bc173e2d54d1cc12dfccc51addf30772744a6dd0757,wav2vec2_embedding,b4_features_v1,86bde51fa76dd7f2c4c1bb28d7475d622639f869,data/interim/features/b4_features_v1/wav2vec2_chunk_o003584_n000256/wav2vec2_embedding/visec_hf_003774.npy,ea3f57915e3f7632c089a75d4c29dd3f5169ffff50fcb8b5ac67c663fed1130a,768,float32,1.00000000,ok,
visec_hf_003775,3775,66,neutral,north,5059195827f6417b5a80bbd56939296aa15cf2ec2e188cda43a18978d2a6dda4,wav2vec2_embedding,b4_features_v1,86bde51fa76dd7f2c4c1bb28d7475d622639f869,data/interim/features/b4_features_v1/wav2vec2_chunk_o003584_n000256/wav2vec2_embedding/visec_hf_003775.npy,168c57eb66431eb062b9aadb724e10f68f8f25f262a978159b31e5a712a9df34,768,float32,1.00000000,ok,
visec_hf_003776,3776,49,sad,south,5e3860261f092b4e69ed39005f3d84152644362c67be4e5c209c5d3d92e356ad,wav2vec2_embedding,b4_features_v1,86bde51fa76dd7f2c4c1bb28d7475d622639f869,data/interim/features/b4_features_v1/wav2vec2_chunk_o003584_n000256/wav2vec2_embedding/visec_hf_003776.npy,410408edb24d4b1d560d92a8d5a48e975d19d41ef2f19b54d530b0141d4813e3,768,float32,1.00000000,ok,
visec_hf_003778,3778,0,angry,south,35a3ce91bc4e968f2f4cbc585de2e1e69ea6edd0a8652c2ee2379568f34825ae,wav2vec2_embedding,b4_features_v1,86bde51fa76dd7f2c4c1bb28d7475d622639f869,data/interim/features/b4_features_v1/wav2vec2_chunk_o003584_n000256/wav2vec2_embedding/visec_hf_003778.npy,c61caec794a2610870b382e107f6827b44355d33cd323799f3dd35e4e790cd5a,768,float32,1.00000000,ok,
visec_hf_003779,3779,36,neutral,north,ce8021c2e6f269d35a3ae115fd872abe56ad67e4f6cc3abcb6d705fbb04b5bc2,wav2vec2_embedding,b4_features_v1,86bde51fa76dd7f2c4c1bb28d7475d622639f869,data/interim/features/b4_features_v1/wav2vec2_chunk_o003584_n000256/wav2vec2_embedding/visec_hf_003779.npy,ffac319de5d24d4b21309cb034e0034f0364bdcf8537100f150dce33aee1c98b,768,float32,1.00000000,ok,
visec_hf_003780,3780,0,angry,south,04d3dc053309256168ad3b9209ae2abae15134bbfffa31d37b71e18cc5ae8ed3,wav2vec2_embedding,b4_features_v1,86bde51fa76dd7f2c4c1bb28d7475d622639f869,data/interim/features/b4_features_v1/wav2vec2_chunk_o003584_n000256/wav2vec2_embedding/visec_hf_003780.npy,c377cb9464e278bc739a8ab2dae74b8a973359d94de8d5c3e6ba2d14e14fda1d,768,float32,1.00000000,ok,
visec_hf_003781,3781,131,neutral,north,37b50ac2b77f54de00ea2fe0d18cfc67213cd9a4489c39543d7e024cd994f127,wav2vec2_embedding,b4_features_v1,86bde51fa76dd7f2c4c1bb28d7475d622639f869,data/interim/features/b4_features_v1/wav2vec2_chunk_o003584_n000256/wav2vec2_embedding/visec_hf_003781.npy,0e054271df28461395c8b364ff7e0aa4379a4d6a3760a96298e1fe47cdded20d,768,float32,1.00000000,ok,
visec_hf_003782,3782,18,neutral,north,4a01ffc19d50763d48e90c9cea98cf2fbbf7066eabc56a907eeed4e01e531937,wav2vec2_embedding,b4_features_v1,86bde51fa76dd7f2c4c1bb28d7475d622639f869,data/interim/features/b4_features_v1/wav2vec2_chunk_o003584_n000256/wav2vec2_embedding/visec_hf_003782.npy,1df7e60ee0b1334fd608966d58f09b56847c8f96ff586f96d85d51a2b7469354,768,float32,1.00000000,ok,
visec_hf_003783,3783,0,neutral,south,99e5ee02cbfa6dea1f512e48b3d724e800df2d25ccad74e66b14c65303df94aa,wav2vec2_embedding,b4_features_v1,86bde51fa76dd7f2c4c1bb28d7475d622639f869,data/interim/features/b4_features_v1/wav2vec2_chunk_o003584_n000256/wav2vec2_embedding/visec_hf_003783.npy,80fd2a3cfdeb54b01755366121c1eed6f6dd3cd22346de0de3550b3a8ae67c68,768,float32,1.00000000,ok,
visec_hf_003784,3784,53,neutral,south,cf6debd2cf96438b3961378dfba171c1854c2364f48915aacc9ca1af85ecdaa9,wav2vec2_embedding,b4_features_v1,86bde51fa76dd7f2c4c1bb28d7475d622639f869,data/interim/features/b4_features_v1/wav2vec2_chunk_o003584_n000256/wav2vec2_embedding/visec_hf_003784.npy,be01fb0f88cc16f857d4f88b910e07e34f92b823b38c7c0fbbfc2e1a73f10b1f,768,float32,1.00000000,ok,
visec_hf_003785,3785,15,happy,south,38a627287aff7f25860ea558178f1ffd50ff24c660f4eda802c3623651f0ab9b,wav2vec2_embedding,b4_features_v1,86bde51fa76dd7f2c4c1bb28d7475d622639f869,data/interim/features/b4_features_v1/wav2vec2_chunk_o003584_n000256/wav2vec2_embedding/visec_hf_003785.npy,bc1e5832eb412a0979d815f5c566a4e378e938555b1c6de512457be1a49dcb92,768,float32,1.00000000,ok,
visec_hf_003786,3786,14,happy,north,809f8acc1397fbf3f50b7e09c096012b86872f53088d83e2124b17218c9e3af0,wav2vec2_embedding,b4_features_v1,86bde51fa76dd7f2c4c1bb28d7475d622639f869,data/interim/features/b4_features_v1/wav2vec2_chunk_o003584_n000256/wav2vec2_embedding/visec_hf_003786.npy,3e13f93b361627e38ff2784000a21a9bb1b984367b6cfa11cef48f2db1652df1,768,float32,1.00000000,ok,
visec_hf_003787,3787,0,angry,south,2700f7d631e7e11eb4ab295af7f5a5e327b1dd101bed1ada288b7ffd353d4a6c,wav2vec2_embedding,b4_features_v1,86bde51fa76dd7f2c4c1bb28d7475d622639f869,data/interim/features/b4_features_v1/wav2vec2_chunk_o003584_n000256/wav2vec2_embedding/visec_hf_003787.npy,bd427fdd38a039764de18e81a490f9d4066be95f287840c521a90816ea39c1c2,768,float32,1.00000000,ok,
visec_hf_003788,3788,30,sad,north,ae85f8597c070f24b47be2170319adf7aa399c318ca6ee44065a3febd382f56d,wav2vec2_embedding,b4_features_v1,86bde51fa76dd7f2c4c1bb28d7475d622639f869,data/interim/features/b4_features_v1/wav2vec2_chunk_o003584_n000256/wav2vec2_embedding/visec_hf_003788.npy,e07c221b1da3a56bd98f45d2c8380c2e45302369eb2e5034e83aeeb63a0b2e9a,768,float32,1.00000000,ok,
visec_hf_003789,3789,83,angry,south,3533e5784b3f359affed2f19027446b9b01b0458aa319b9490458bb1cee0e775,wav2vec2_embedding,b4_features_v1,86bde51fa76dd7f2c4c1bb28d7475d622639f869,data/interim/features/b4_features_v1/wav2vec2_chunk_o003584_n000256/wav2vec2_embedding/visec_hf_003789.npy,aa2981d524e51d31de7181cc6baf809cfe1fe52e621f390f285363450acc5466,768,float32,1.00000000,ok,
visec_hf_003791,3791,0,angry,south,25e43987d90057cee4d0d944d21ea5eb16218ff28e5b5d433d4bdd73b35e21c1,wav2vec2_embedding,b4_features_v1,86bde51fa76dd7f2c4c1bb28d7475d622639f869,data/interim/features/b4_features_v1/wav2vec2_chunk_o003584_n000256/wav2vec2_embedding/visec_hf_003791.npy,5e9329deff3b6b6382abaee36e7d35fd6437db9c31e3bc42cdecca2d9bd9a03d,768,float32,1.00000000,ok,
visec_hf_003792,3792,0,happy,south,5254c5300209af7f87fe5637bfb2eb08f909e2d770b1e062f1d677e85ea4ebac,wav2vec2_embedding,b4_features_v1,86bde51fa76dd7f2c4c1bb28d7475d622639f869,data/interim/features/b4_features_v1/wav2vec2_chunk_o003584_n000256/wav2vec2_embedding/visec_hf_003792.npy,d61443feb64c831f8a9460fc48ee61a22c0dcd711590eeceb6fc9e305fb02a41,768,float32,1.00000000,ok,
visec_hf_003793,3793,108,happy,north,1cc70173666732dc149eea7714034ef26f52eda0b7af3a51d5eb4885204250fc,wav2vec2_embedding,b4_features_v1,86bde51fa76dd7f2c4c1bb28d7475d622639f869,data/interim/features/b4_features_v1/wav2vec2_chunk_o003584_n000256/wav2vec2_embedding/visec_hf_003793.npy,07a179ba6dc91e4e098a9b213ca942063a31bff7f2e28e34ebc3821533f8adb6,768,float32,1.00000000,ok,
visec_hf_003795,3795,0,neutral,south,0ffcfef11ddc58c81942fbfd4438e2f76a6dfe0344d7681e026602b6d858a4e8,wav2vec2_embedding,b4_features_v1,86bde51fa76dd7f2c4c1bb28d7475d622639f869,data/interim/features/b4_features_v1/wav2vec2_chunk_o003584_n000256/wav2vec2_embedding/visec_hf_003795.npy,da5b1bbfed4fbb0f8b526edca3102c69fae99925db9317247cb85f82ad1224ce,768,float32,1.00000000,ok,
visec_hf_003796,3796,29,happy,north,88c73133344d8af97fe05ac35cafa1791746a45d1db1e7fed9e4da9c7d404ecd,wav2vec2_embedding,b4_features_v1,86bde51fa76dd7f2c4c1bb28d7475d622639f869,data/interim/features/b4_features_v1/wav2vec2_chunk_o003584_n000256/wav2vec2_embedding/visec_hf_003796.npy,ee425140d434c73a5ab73ff31d23ee75967496c197b910078833e0c0220e4ce8,768,float32,1.00000000,ok,
visec_hf_003797,3797,0,neutral,south,310414cec4d5ec02df77926e3dd783c7e1da3cc9fd903e799e66bafd033e6391,wav2vec2_embedding,b4_features_v1,86bde51fa76dd7f2c4c1bb28d7475d622639f869,data/interim/features/b4_features_v1/wav2vec2_chunk_o003584_n000256/wav2vec2_embedding/visec_hf_003797.npy,4cda0f322122bb2b5b43b29f9b4078d9cfd332a5c101291ccdeecbf86b648b3e,768,float32,1.00000000,ok,
visec_hf_003798,3798,27,happy,north,02b8972af8bb41aa9215f4dffa96a67b4f32076dcf47008deb35c89c0d080112,wav2vec2_embedding,b4_features_v1,86bde51fa76dd7f2c4c1bb28d7475d622639f869,data/interim/features/b4_features_v1/wav2vec2_chunk_o003584_n000256/wav2vec2_embedding/visec_hf_003798.npy,4f015b5895094bc4c68852d042b082b9eed25499acf8c5283375f549e102c252,768,float32,1.00000000,ok,
visec_hf_003799,3799,0,neutral,south,ec0a9cb53e567fdea1d64ece1e77d8104fe265fe3bf56c3db3dba8e2aec28dbd,wav2vec2_embedding,b4_features_v1,86bde51fa76dd7f2c4c1bb28d7475d622639f869,data/interim/features/b4_features_v1/wav2vec2_chunk_o003584_n000256/wav2vec2_embedding/visec_hf_003799.npy,a744821681589314029e7f6c7d5a2f11ba97eb3c4c19605c1e0c78639ceafd84,768,float32,1.00000000,ok,
visec_hf_003800,3800,38,angry,south,d89232605776a8504bf2e4819b676a927a8c0751c9b8bb02c602850d82afd33f,wav2vec2_embedding,b4_features_v1,86bde51fa76dd7f2c4c1bb28d7475d622639f869,data/interim/features/b4_features_v1/wav2vec2_chunk_o003584_n000256/wav2vec2_embedding/visec_hf_003800.npy,da06c5c2956b7413a9938bfa67e0992c4639a569c9c182bc707b92dfccc0e928,768,float32,1.00000000,ok,
visec_hf_003801,3801,83,sad,south,2149ad389fc08de32f89227ac5cf4f36f716f959a7a12efc67908ea7d1f1e094,wav2vec2_embedding,b4_features_v1,86bde51fa76dd7f2c4c1bb28d7475d622639f869,data/interim/features/b4_features_v1/wav2vec2_chunk_o003584_n000256/wav2vec2_embedding/visec_hf_003801.npy,021297704fc8dd4dcee85d5692e2e9e4e5da3d2670282434e532b68bfea5af6d,768,float32,1.00000000,ok,
visec_hf_003802,3802,144,neutral,south,f4a3f2059cb6f2537fe9522935feffdd678afec1cbfb46b613923e15d094b496,wav2vec2_embedding,b4_features_v1,86bde51fa76dd7f2c4c1bb28d7475d622639f869,data/interim/features/b4_features_v1/wav2vec2_chunk_o003584_n000256/wav2vec2_embedding/visec_hf_003802.npy,c0d9b061418fa6908da4b4491b9b50aaee3c064ffad6797225f7887f57790fd2,768,float32,1.00000000,ok,
visec_hf_003803,3803,0,happy,south,e51050f9f8293b453df626fde87af72b24b5338ed2fd35ce29b27cf1e99bc0ba,wav2vec2_embedding,b4_features_v1,86bde51fa76dd7f2c4c1bb28d7475d622639f869,data/interim/features/b4_features_v1/wav2vec2_chunk_o003584_n000256/wav2vec2_embedding/visec_hf_003803.npy,e1c8a6ae7ff0c8d74fc6ea2148034b05e37a8a382cde4f1b98a18a6955da1be7,768,float32,1.00000000,ok,
visec_hf_003804,3804,83,sad,south,664ea184c2fabe31d51281af5068f0396930291aff8b9c40d59cfa08828b1d9e,wav2vec2_embedding,b4_features_v1,86bde51fa76dd7f2c4c1bb28d7475d622639f869,data/interim/features/b4_features_v1/wav2vec2_chunk_o003584_n000256/wav2vec2_embedding/visec_hf_003804.npy,04529f250f16c7ff4b2572a727fa9064e9d64076105a8f762f96b4b88e95ea78,768,float32,1.00000000,ok,
visec_hf_003805,3805,29,neutral,north,e95002ab7227f29bf4d50e235de407eb3a3d022d35f06826134f3e84d729dd6e,wav2vec2_embedding,b4_features_v1,86bde51fa76dd7f2c4c1bb28d7475d622639f869,data/interim/features/b4_features_v1/wav2vec2_chunk_o003584_n000256/wav2vec2_embedding/visec_hf_003805.npy,6ef35c42c4ab3f76967cc586f730623ddcee3dc684962aa3cf655b31adecffc1,768,float32,1.00000000,ok,
visec_hf_003806,3806,57,sad,north,55211adf78b70dd09a6534bc754f0b8ec96f82ccdc1b73a621029d52d5675c93,wav2vec2_embedding,b4_features_v1,86bde51fa76dd7f2c4c1bb28d7475d622639f869,data/interim/features/b4_features_v1/wav2vec2_chunk_o003584_n000256/wav2vec2_embedding/visec_hf_003806.npy,6ae4d354fa809572832cc06ae93cca35b471a1f5750dc70a2d32a1156a163108,768,float32,1.00000000,ok,
visec_hf_003809,3809,0,angry,south,0c3a3324756c8d0a2f9dd7c110411b6c32420521d04ce911a9da37e162bcb3ab,wav2vec2_embedding,b4_features_v1,86bde51fa76dd7f2c4c1bb28d7475d622639f869,data/interim/features/b4_features_v1/wav2vec2_chunk_o003584_n000256/wav2vec2_embedding/visec_hf_003809.npy,8bd496f2026e55e8e233f1c639a64f563dc0895ae4adabc5d43012599a462415,768,float32,1.00000000,ok,
visec_hf_003810,3810,108,neutral,north,ae150e138ed61f9ad974f51992b6e946fccffb7735801c12605ce294045ef541,wav2vec2_embedding,b4_features_v1,86bde51fa76dd7f2c4c1bb28d7475d622639f869,data/interim/features/b4_features_v1/wav2vec2_chunk_o003584_n000256/wav2vec2_embedding/visec_hf_003810.npy,ae6ccfda5c1c1edafcfc3f547a8098e95f392345877f47adbc41178e39c26373,768,float32,1.00000000,ok,
visec_hf_003811,3811,26,sad,north,4a41be18c65547a47a65886f2797bcf23cb957ac737ccad5f108bb1c3468c524,wav2vec2_embedding,b4_features_v1,86bde51fa76dd7f2c4c1bb28d7475d622639f869,data/interim/features/b4_features_v1/wav2vec2_chunk_o003584_n000256/wav2vec2_embedding/visec_hf_003811.npy,7331983e27009dc8c448658599feb215da1a15f0d70a601d8e4bbd6390714d3d,768,float32,1.00000000,ok,
visec_hf_003812,3812,0,angry,south,89ea15f853b414e76416dec6701547ce10d0dbf7cb55bfb999616ce73949f985,wav2vec2_embedding,b4_features_v1,86bde51fa76dd7f2c4c1bb28d7475d622639f869,data/interim/features/b4_features_v1/wav2vec2_chunk_o003584_n000256/wav2vec2_embedding/visec_hf_003812.npy,24e4bd5fc32e24e03bd4f80aabfd6b3b51cd08ebe9b10ad34a208e6df3c62d7c,768,float32,1.00000000,ok,
visec_hf_003813,3813,72,happy,central,1ffab865c2f318c679561ab9947d3d2818d007bbaf5922ee50fc06889159b202,wav2vec2_embedding,b4_features_v1,86bde51fa76dd7f2c4c1bb28d7475d622639f869,data/interim/features/b4_features_v1/wav2vec2_chunk_o003584_n000256/wav2vec2_embedding/visec_hf_003813.npy,2d83571f0bcc6ddee22b85338af5cee478166ac788d4c5cf8f5f912f096be257,768,float32,1.00000000,ok,
visec_hf_003814,3814,0,angry,south,a091def821179d39456d62cf54dca4e039f51a73e2bfd7f9b61fc592e0d883aa,wav2vec2_embedding,b4_features_v1,86bde51fa76dd7f2c4c1bb28d7475d622639f869,data/interim/features/b4_features_v1/wav2vec2_chunk_o003584_n000256/wav2vec2_embedding/visec_hf_003814.npy,01323a22551824aee2b6cbcbbb927957de9624d8070489f3971abe0fc67c1ecf,768,float32,1.00000000,ok,
visec_hf_003815,3815,0,sad,south,892d05e6e736a711cd28713cfeb911096b4f98ca09d491b0d74e93ee00c49e5b,wav2vec2_embedding,b4_features_v1,86bde51fa76dd7f2c4c1bb28d7475d622639f869,data/interim/features/b4_features_v1/wav2vec2_chunk_o003584_n000256/wav2vec2_embedding/visec_hf_003815.npy,20c48d2611237b4e6c6b0b9e00899f84b6a7edc85ec2a41c5de7c565165d7fc7,768,float32,1.00000000,ok,
visec_hf_003816,3816,59,angry,south,6ca05ae3878e5b091e8f1d9fdfc6a5e952438df32ce2b0a49e7fe4a62cf41a3d,wav2vec2_embedding,b4_features_v1,86bde51fa76dd7f2c4c1bb28d7475d622639f869,data/interim/features/b4_features_v1/wav2vec2_chunk_o003584_n000256/wav2vec2_embedding/visec_hf_003816.npy,8d56f65d625d3bed54a8ebc8c1cd7e1eb52cb57b80bc79a5d9a6681984307a37,768,float32,1.00000000,ok,
visec_hf_003818,3818,10,angry,north,3ede5132e8c40050e0b858cab22eb98a675a59a53db8a9e12877ee822ada5842,wav2vec2_embedding,b4_features_v1,86bde51fa76dd7f2c4c1bb28d7475d622639f869,data/interim/features/b4_features_v1/wav2vec2_chunk_o003584_n000256/wav2vec2_embedding/visec_hf_003818.npy,0c5720c71146858581238d8772639dc4d0d587ee816e3eb7e42f5e2582efdbcf,768,float32,1.00000000,ok,
visec_hf_003819,3819,0,sad,south,d0a4f0f29a0c08397c15745f51c577ac6aba7d36e5e001cf04c182825757c344,wav2vec2_embedding,b4_features_v1,86bde51fa76dd7f2c4c1bb28d7475d622639f869,data/interim/features/b4_features_v1/wav2vec2_chunk_o003584_n000256/wav2vec2_embedding/visec_hf_003819.npy,e057b333bd84836a43cb67a0d4134228c44db9864016355e8952978a62daa674,768,float32,1.00000000,ok,
visec_hf_003821,3821,0,happy,south,1a16f0203ffa9ad5b8653e38bd9e30f728e7cbcccb9368b5e7c8675f0ae24867,wav2vec2_embedding,b4_features_v1,86bde51fa76dd7f2c4c1bb28d7475d622639f869,data/interim/features/b4_features_v1/wav2vec2_chunk_o003584_n000256/wav2vec2_embedding/visec_hf_003821.npy,caddc95de3a76ee43d42bb3f31ec8be4a4c8640a6bc532291ae28b3c7548606a,768,float32,1.00000000,ok,
visec_hf_003822,3822,32,neutral,south,4fd70e70eee1b9896c33529e15014da19ee5a5a6ebc8a25c355be97e86eb04bb,wav2vec2_embedding,b4_features_v1,86bde51fa76dd7f2c4c1bb28d7475d622639f869,data/interim/features/b4_features_v1/wav2vec2_chunk_o003584_n000256/wav2vec2_embedding/visec_hf_003822.npy,f44393c1792f283e0662a80db40191a012e22ac45cc52580a6ca9879acdb687d,768,float32,1.00000000,ok,
visec_hf_003823,3823,0,sad,south,7021f264fcfc65f0abe73f80b625c7817cb5623c89349768aec8def7912158b5,wav2vec2_embedding,b4_features_v1,86bde51fa76dd7f2c4c1bb28d7475d622639f869,data/interim/features/b4_features_v1/wav2vec2_chunk_o003584_n000256/wav2vec2_embedding/visec_hf_003823.npy,257b845a93ef626d292c8bd42c50fcefec570fd2053a6de42f6674b0c3bb958a,768,float32,1.00000000,ok,
visec_hf_003824,3824,12,happy,north,eb5fc959881fa70c4130ccbbebfbc7dd9287583f58b724ee51596e646a7be806,wav2vec2_embedding,b4_features_v1,86bde51fa76dd7f2c4c1bb28d7475d622639f869,data/interim/features/b4_features_v1/wav2vec2_chunk_o003584_n000256/wav2vec2_embedding/visec_hf_003824.npy,804ba12a43885f6f1a8087b23992c4abc66706773ffb97c672e61f2185551b92,768,float32,1.00000000,ok,
visec_hf_003826,3826,15,neutral,south,30dfc50795ad0e8b5eb8f293073977393b5a3144920ff7b3a49cce5a8cc9a9e9,wav2vec2_embedding,b4_features_v1,86bde51fa76dd7f2c4c1bb28d7475d622639f869,data/interim/features/b4_features_v1/wav2vec2_chunk_o003584_n000256/wav2vec2_embedding/visec_hf_003826.npy,1860f97f95d67dc9e6636c7ac2153f00fc5872aad2b2cbaf84bae9988ee44249,768,float32,1.00000000,ok,
visec_hf_003827,3827,0,sad,south,91bc8259ffd42a6fc80c257c890934de3aeb0e913fd8e97b9dd068a4f83a3316,wav2vec2_embedding,b4_features_v1,86bde51fa76dd7f2c4c1bb28d7475d622639f869,data/interim/features/b4_features_v1/wav2vec2_chunk_o003584_n000256/wav2vec2_embedding/visec_hf_003827.npy,ca775e1e0aea810523a5c783e322d82fadd4efff4ad9f4b630800ea8f57edf5e,768,float32,1.00000000,ok,
visec_hf_003829,3829,0,sad,south,50a8341ff7c75c12f2d67cd09d8b973a5a9f8b43adc2636e34e34943dbde4775,wav2vec2_embedding,b4_features_v1,86bde51fa76dd7f2c4c1bb28d7475d622639f869,data/interim/features/b4_features_v1/wav2vec2_chunk_o003584_n000256/wav2vec2_embedding/visec_hf_003829.npy,a84ef25caaae0f0551a259f21da524123d5dcb5f162f848d90c12fce6375e1e6,768,float32,1.00000000,ok,
visec_hf_003830,3830,0,happy,south,20a1a4740e5b7bcbd48c4e7a4b16262602ea16e1aef7fffdfc6959fffcebcd20,wav2vec2_embedding,b4_features_v1,86bde51fa76dd7f2c4c1bb28d7475d622639f869,data/interim/features/b4_features_v1/wav2vec2_chunk_o003584_n000256/wav2vec2_embedding/visec_hf_003830.npy,d427a063565d4119e21ffbe23e32b9e532faeabd485ceceb38586dface3f07a1,768,float32,1.00000000,ok,
visec_hf_003831,3831,4,angry,south,616800d3a516a8aebd2b8946264c7f26e4421ab8b8c93389b3d5eeea4dbf78c4,wav2vec2_embedding,b4_features_v1,86bde51fa76dd7f2c4c1bb28d7475d622639f869,data/interim/features/b4_features_v1/wav2vec2_chunk_o003584_n000256/wav2vec2_embedding/visec_hf_003831.npy,43fbebac0e3e0e678e71245f6e1752e5a2574fda279bbf5690110bf9c4faf3e2,768,float32,1.00000000,ok,
visec_hf_003832,3832,0,neutral,south,2bb41d702a0b85f56ebda5b1ab0121a3db5bccae772340d24a6506ba14c9425f,wav2vec2_embedding,b4_features_v1,86bde51fa76dd7f2c4c1bb28d7475d622639f869,data/interim/features/b4_features_v1/wav2vec2_chunk_o003584_n000256/wav2vec2_embedding/visec_hf_003832.npy,a1605baf40c564401bbf5716e42e64460b82d181c063b29d2d3cffd4a948ca95,768,float32,1.00000000,ok,
visec_hf_003833,3833,23,sad,south,eac50eff69befd46b54be79833be4a2a0d160e58c16ea1b884fec0a84ac5bab1,wav2vec2_embedding,b4_features_v1,86bde51fa76dd7f2c4c1bb28d7475d622639f869,data/interim/features/b4_features_v1/wav2vec2_chunk_o003584_n000256/wav2vec2_embedding/visec_hf_003833.npy,1da99df47f4091977bb734d3c40cba30e543bde33d0b2a0487aa70db7e989c5d,768,float32,1.00000000,ok,
visec_hf_003834,3834,6,happy,central,c76f5bf5f2e4f57e1da7add25b30326fdc6e065281bb4f0321b621c234568dd4,wav2vec2_embedding,b4_features_v1,86bde51fa76dd7f2c4c1bb28d7475d622639f869,data/interim/features/b4_features_v1/wav2vec2_chunk_o003584_n000256/wav2vec2_embedding/visec_hf_003834.npy,de069e5959ecf56cff390524fedf2afeb2e4ebc42b2ee7cdeff0c020542d59d5,768,float32,1.00000000,ok,
visec_hf_003835,3835,0,angry,south,40164b84668a7ff4e8d4b2bdad6a4800d503abf0daa39d58da6941d76dc67a4d,wav2vec2_embedding,b4_features_v1,86bde51fa76dd7f2c4c1bb28d7475d622639f869,data/interim/features/b4_features_v1/wav2vec2_chunk_o003584_n000256/wav2vec2_embedding/visec_hf_003835.npy,8f3bd128742d9f98b198aef7f2dd1410b6b1710d7d8e31d79b071f36ebc52a61,768,float32,1.00000000,ok,
visec_hf_003836,3836,0,angry,south,bb89246b213db0221a7da29d57a2474889ea050fa252d5afeda7a95cae9a0d3b,wav2vec2_embedding,b4_features_v1,86bde51fa76dd7f2c4c1bb28d7475d622639f869,data/interim/features/b4_features_v1/wav2vec2_chunk_o003584_n000256/wav2vec2_embedding/visec_hf_003836.npy,63417196ca54891f16aa89dc3884b14b3422d0cf68d9e3933eb015cbd53f5112,768,float32,1.00000000,ok,
visec_hf_003837,3837,0,angry,south,8160e9c104ede9939ff079939748f3d80fd1cb421dae1791896cf29331bf3634,wav2vec2_embedding,b4_features_v1,86bde51fa76dd7f2c4c1bb28d7475d622639f869,data/interim/features/b4_features_v1/wav2vec2_chunk_o003584_n000256/wav2vec2_embedding/visec_hf_003837.npy,77d1b368c79a732bb4755ec75ec84d834a93601f5b689b2b6a5999e3c8989f57,768,float32,1.00000000,ok,
visec_hf_003838,3838,35,angry,north,7f1d26a27d13e68d798291b9b2b2dc5e0fe22e4773fbfa81dc92fa0a9a85c02a,wav2vec2_embedding,b4_features_v1,86bde51fa76dd7f2c4c1bb28d7475d622639f869,data/interim/features/b4_features_v1/wav2vec2_chunk_o003584_n000256/wav2vec2_embedding/visec_hf_003838.npy,61089877b97f4f2158ba8eff1ccc37efd3f2d830ce4416e95cb593c7af8a9695,768,float32,1.00000000,ok,
visec_hf_003839,3839,0,neutral,south,a647eac99ac238002523d9a3e4f20eaf07c23bcc9b7efff2e3ed456e447de043,wav2vec2_embedding,b4_features_v1,86bde51fa76dd7f2c4c1bb28d7475d622639f869,data/interim/features/b4_features_v1/wav2vec2_chunk_o003584_n000256/wav2vec2_embedding/visec_hf_003839.npy,dba5b89d827e56cb1197b27694bdfc38fa38be2f7f49988f5c5ed8e208f9369b,768,float32,1.00000000,ok,
visec_hf_003840,3840,0,angry,south,007507930c655d5880d1ea95330745663988cfa275845aa6dab8944dd8829b43,wav2vec2_embedding,b4_features_v1,86bde51fa76dd7f2c4c1bb28d7475d622639f869,data/interim/features/b4_features_v1/wav2vec2_chunk_o003584_n000256/wav2vec2_embedding/visec_hf_003840.npy,296526895785014ad48c2ca9346071b96e1ff327dbeb2491b3f684b913f25f40,768,float32,1.00000000,ok,
visec_hf_003841,3841,0,angry,south,7654b05155fb21391fa604be8145896dc1340ece7f0a66a16b8dc87755eb9a27,wav2vec2_embedding,b4_features_v1,86bde51fa76dd7f2c4c1bb28d7475d622639f869,data/interim/features/b4_features_v1/wav2vec2_chunk_o003584_n000256/wav2vec2_embedding/visec_hf_003841.npy,fdfcac8db2f7f81e39bc869d73a1b313e30fda727bdf8588c09002b59b1f58f1,768,float32,1.00000000,ok,
visec_hf_003842,3842,82,sad,south,dbb6b05c1dcf6a39ffa0ec182963c1c5be9fc5e6677f47cb661df6487fd7979e,wav2vec2_embedding,b4_features_v1,86bde51fa76dd7f2c4c1bb28d7475d622639f869,data/interim/features/b4_features_v1/wav2vec2_chunk_o003584_n000256/wav2vec2_embedding/visec_hf_003842.npy,b1aaf1ba8cda48b2f0f4b18dae66807c3217a7734dd945bece430f5439501bf0,768,float32,1.00000000,ok,
visec_hf_003843,3843,0,happy,south,2cf296eacc6588863775be37f91d3b7efa0c187d65f1e687d7f4dd0314016205,wav2vec2_embedding,b4_features_v1,86bde51fa76dd7f2c4c1bb28d7475d622639f869,data/interim/features/b4_features_v1/wav2vec2_chunk_o003584_n000256/wav2vec2_embedding/visec_hf_003843.npy,4da7ec9d09181a7ab699445bbb660d5e0c5e4f3f040a8f97ec955ab300c29ed4,768,float32,1.00000000,ok,
visec_hf_003844,3844,15,neutral,south,0112147f43c96ac4110cb4584073ebda14b06a458cba37e99f3290bba68c0be7,wav2vec2_embedding,b4_features_v1,86bde51fa76dd7f2c4c1bb28d7475d622639f869,data/interim/features/b4_features_v1/wav2vec2_chunk_o003584_n000256/wav2vec2_embedding/visec_hf_003844.npy,fa42459616dd670af6596b2bd472b69fc25e388cc9188c2544ac8480baa5763d,768,float32,1.00000000,ok,
visec_hf_003845,3845,52,angry,north,bef3f2ae8e8e41376c7e341080196d2bc4e784b346583a72aded65cd7134ad75,wav2vec2_embedding,b4_features_v1,86bde51fa76dd7f2c4c1bb28d7475d622639f869,data/interim/features/b4_features_v1/wav2vec2_chunk_o003584_n000256/wav2vec2_embedding/visec_hf_003845.npy,8c7a08a85ed7757e5423f28d4257cdf46e45ccab3c57c292a5cae4ff6247e6ea,768,float32,1.00000000,ok,
visec_hf_003846,3846,89,sad,central,ff5bd6b41781789f10233575db1bc253a5cfefd9ae1873769d4c3ff01d83b80a,wav2vec2_embedding,b4_features_v1,86bde51fa76dd7f2c4c1bb28d7475d622639f869,data/interim/features/b4_features_v1/wav2vec2_chunk_o003584_n000256/wav2vec2_embedding/visec_hf_003846.npy,5ab316476ef337710302a152aa9af589b26bae8a996a2c1b40421760a38b82af,768,float32,1.00000000,ok,
visec_hf_003847,3847,0,neutral,south,89e8d95370889ef93bc9be2079e6e630b1fed1d0126b5d9054d7999769135b9d,wav2vec2_embedding,b4_features_v1,86bde51fa76dd7f2c4c1bb28d7475d622639f869,data/interim/features/b4_features_v1/wav2vec2_chunk_o003584_n000256/wav2vec2_embedding/visec_hf_003847.npy,20c0cb472b5e998091e48a464825079b4eacfd71cf5af3922a6a69853e0600a2,768,float32,1.00000000,ok,
visec_hf_003848,3848,0,angry,south,349baea42a011db653e3ada298c964cf16f654150f40200683d5f74577aba9d6,wav2vec2_embedding,b4_features_v1,86bde51fa76dd7f2c4c1bb28d7475d622639f869,data/interim/features/b4_features_v1/wav2vec2_chunk_o003584_n000256/wav2vec2_embedding/visec_hf_003848.npy,13e030ec29c7668366f83c9e5b4b245b0c757afe01e59711998c98374ffde6b7,768,float32,1.00000000,ok,
visec_hf_003849,3849,30,sad,north,e279a1d0cb90b380ab1fdb6c07b7b95baeac86849415793975fb977c0a24324d,wav2vec2_embedding,b4_features_v1,86bde51fa76dd7f2c4c1bb28d7475d622639f869,data/interim/features/b4_features_v1/wav2vec2_chunk_o003584_n000256/wav2vec2_embedding/visec_hf_003849.npy,4a4b18fa2b08748daeae427a834b49ee63592e8bc958d85df4c398cb73d30e89,768,float32,1.00000000,ok,
visec_hf_003850,3850,2,neutral,south,7819129b4224a4f36672575a9e058aae8158cc68f2ebf8c027fe4b04121fcec7,wav2vec2_embedding,b4_features_v1,86bde51fa76dd7f2c4c1bb28d7475d622639f869,data/interim/features/b4_features_v1/wav2vec2_chunk_o003584_n000256/wav2vec2_embedding/visec_hf_003850.npy,1e150cd1f19f05ba95aed1e468911b6e2c4448ad00e2177b7a9984faa308736e,768,float32,1.00000000,ok,
visec_hf_003851,3851,41,happy,north,98283ff31c1e17f13c2d287e23af496e546d1d1961205c6ee007dbf039db826a,wav2vec2_embedding,b4_features_v1,86bde51fa76dd7f2c4c1bb28d7475d622639f869,data/interim/features/b4_features_v1/wav2vec2_chunk_o003584_n000256/wav2vec2_embedding/visec_hf_003851.npy,d62c68464408f7c66adc39e776780cafbc30a858a6bc74c46929055a261ca514,768,float32,1.00000000,ok,
visec_hf_003852,3852,12,neutral,north,bb65e385284d9ec2920e77a2734f096fe4916f90dc4c52a9a1cdfcc37374aa85,wav2vec2_embedding,b4_features_v1,86bde51fa76dd7f2c4c1bb28d7475d622639f869,data/interim/features/b4_features_v1/wav2vec2_chunk_o003584_n000256/wav2vec2_embedding/visec_hf_003852.npy,3af993bec6270d513c5d5f0db456062142d07263c6b6e5d4ff03e4bce2a9c92e,768,float32,1.00000000,ok,
visec_hf_003853,3853,26,angry,north,19ad4b8b385b52883cf7691be442ae6d169ef8ce0b9d4fdc18d15d1bb1fb8799,wav2vec2_embedding,b4_features_v1,86bde51fa76dd7f2c4c1bb28d7475d622639f869,data/interim/features/b4_features_v1/wav2vec2_chunk_o003584_n000256/wav2vec2_embedding/visec_hf_003853.npy,584fb24698b4b340707c7650086b882912fa7eb958f6c5f65ff79c95dae5ad69,768,float32,1.00000000,ok,
visec_hf_003854,3854,0,sad,south,da8b70e176e25a575cfd0f35dd244354e84d21184ec5753de3ed1216a5d1b6e8,wav2vec2_embedding,b4_features_v1,86bde51fa76dd7f2c4c1bb28d7475d622639f869,data/interim/features/b4_features_v1/wav2vec2_chunk_o003584_n000256/wav2vec2_embedding/visec_hf_003854.npy,3b11096a51143317637ea53e0a635d27e19c27f3a89fafd4b3c0359c38a6acd3,768,float32,1.00000000,ok,
visec_hf_003855,3855,0,sad,south,b4298fe378f3f96bd0e97d3440b42f51312cb7de80d212730b127e4b542e4d08,wav2vec2_embedding,b4_features_v1,86bde51fa76dd7f2c4c1bb28d7475d622639f869,data/interim/features/b4_features_v1/wav2vec2_chunk_o003584_n000256/wav2vec2_embedding/visec_hf_003855.npy,8e6580b51ab9dac1ceaac52ec0ac7789b9a3dd9908d1b871bb4e6c7287ed2840,768,float32,1.00000000,ok,
visec_hf_003856,3856,14,angry,north,07fc8bfd96a29d5b3e42ce42fb80405396696e76d9ff5374e6452523437408cd,wav2vec2_embedding,b4_features_v1,86bde51fa76dd7f2c4c1bb28d7475d622639f869,data/interim/features/b4_features_v1/wav2vec2_chunk_o003584_n000256/wav2vec2_embedding/visec_hf_003856.npy,cd366edbbf6d529165d4bbe83dc74479b6afae58e77edec12c6bff19351dcd78,768,float32,1.00000000,ok,
visec_hf_003857,3857,72,happy,central,fcd5a6a07a3dcc4dc70d3752fe74a997de1ff09fe6166803469099713cc316dc,wav2vec2_embedding,b4_features_v1,86bde51fa76dd7f2c4c1bb28d7475d622639f869,data/interim/features/b4_features_v1/wav2vec2_chunk_o003584_n000256/wav2vec2_embedding/visec_hf_003857.npy,4149b28e6ff4abd85f29b8e88608693959f94afdfbd7602899fb4d0f24c0d996,768,float32,1.00000000,ok,
visec_hf_003858,3858,92,happy,central,8d6f485b3eecf2492badf32153d40c67e3eca931ad02098b5f96c895bf0724fe,wav2vec2_embedding,b4_features_v1,86bde51fa76dd7f2c4c1bb28d7475d622639f869,data/interim/features/b4_features_v1/wav2vec2_chunk_o003584_n000256/wav2vec2_embedding/visec_hf_003858.npy,742460b0727c5e84ae25afbeff2811707a2051cac99a60eca18db3cf83327bec,768,float32,1.00000000,ok,
visec_hf_003859,3859,32,happy,south,efb2c77892cd0f907aad7a0d79613807c6a9f0c275bb6ec6cb007e7aa5215f6f,wav2vec2_embedding,b4_features_v1,86bde51fa76dd7f2c4c1bb28d7475d622639f869,data/interim/features/b4_features_v1/wav2vec2_chunk_o003584_n000256/wav2vec2_embedding/visec_hf_003859.npy,3b6d0e2fa6b93278cc8cfa1cca1db5ec7791ad88874862a7bf34ba4340991c33,768,float32,1.00000000,ok,
visec_hf_003860,3860,0,sad,south,d7bbe2b7e89f1144244f836752c5f7d4d58bc68461c70c932d8984722eba4e77,wav2vec2_embedding,b4_features_v1,86bde51fa76dd7f2c4c1bb28d7475d622639f869,data/interim/features/b4_features_v1/wav2vec2_chunk_o003584_n000256/wav2vec2_embedding/visec_hf_003860.npy,fa09a19ddfef6ee86fda1af89d516a93b3d4ff2221009b20964ed6ef37a89dba,768,float32,1.00000000,ok,
visec_hf_003861,3861,14,happy,north,02ed93befe582ac04fc8752140de833e0003c9c1140dd1436454aa9e8bcbea79,wav2vec2_embedding,b4_features_v1,86bde51fa76dd7f2c4c1bb28d7475d622639f869,data/interim/features/b4_features_v1/wav2vec2_chunk_o003584_n000256/wav2vec2_embedding/visec_hf_003861.npy,fc0e949f3c40c89a8c6454356555459eade17ede5a4a78b88b11827f5c84a879,768,float32,1.00000000,ok,
visec_hf_003863,3863,58,sad,south,e07a3d131691386b33457817c47f2b697ee0b0fa1da32e0c324df2dd803b31f9,wav2vec2_embedding,b4_features_v1,86bde51fa76dd7f2c4c1bb28d7475d622639f869,data/interim/features/b4_features_v1/wav2vec2_chunk_o003584_n000256/wav2vec2_embedding/visec_hf_003863.npy,7f9624c97126cb13ace34013a0450364343e9acf7974340ed604d42049dc9a86,768,float32,1.00000000,ok,
visec_hf_003864,3864,56,happy,south,33f67f2ec94ab7f5e3a1baa2caeafb8db423cdd7f7075cc98920a2042fa0418d,wav2vec2_embedding,b4_features_v1,86bde51fa76dd7f2c4c1bb28d7475d622639f869,data/interim/features/b4_features_v1/wav2vec2_chunk_o003584_n000256/wav2vec2_embedding/visec_hf_003864.npy,9d939970a38a406ec3dff836c2e9af4d3ee0b96894ce82d0731a011101214101,768,float32,1.00000000,ok,
visec_hf_003865,3865,0,neutral,south,ec95020ea922a529e66bcaea13d61fd21afdd940fa88f2a52469d64bfedf8cc6,wav2vec2_embedding,b4_features_v1,86bde51fa76dd7f2c4c1bb28d7475d622639f869,data/interim/features/b4_features_v1/wav2vec2_chunk_o003584_n000256/wav2vec2_embedding/visec_hf_003865.npy,8e0ffcc2567ab7cbfd9940c60ac940d1904a4f5d9d4160385d1ae52cda0f9ddc,768,float32,1.00000000,ok,
visec_hf_003866,3866,0,angry,south,1035cda8bb2b74a302c2452f7541941c81dc91f2961044c5682fe5c837b7a77a,wav2vec2_embedding,b4_features_v1,86bde51fa76dd7f2c4c1bb28d7475d622639f869,data/interim/features/b4_features_v1/wav2vec2_chunk_o003584_n000256/wav2vec2_embedding/visec_hf_003866.npy,8ecbc48a15cb840acf6a327adee85635f1335cdbc4f0cf225176e86931f2756c,768,float32,1.00000000,ok,
visec_hf_003867,3867,0,angry,south,98a5f97832263a7b35b5174ab6a9fc3c7d182f5939fc1f27875175e35ef4bf75,wav2vec2_embedding,b4_features_v1,86bde51fa76dd7f2c4c1bb28d7475d622639f869,data/interim/features/b4_features_v1/wav2vec2_chunk_o003584_n000256/wav2vec2_embedding/visec_hf_003867.npy,2d8e587c364e08de4936d0ea8cdaad30e88d766a03119fc981abce124278dc5f,768,float32,1.00000000,ok,
visec_hf_003868,3868,57,angry,north,372b1cb01e3f0571ad20cfd984a47b5d38488d1ba7fecc17ae565d72c796d863,wav2vec2_embedding,b4_features_v1,86bde51fa76dd7f2c4c1bb28d7475d622639f869,data/interim/features/b4_features_v1/wav2vec2_chunk_o003584_n000256/wav2vec2_embedding/visec_hf_003868.npy,2b344d30ad204787e673cc4fdd740ac6b0b029243ec913a285d958c3e99a686d,768,float32,1.00000000,ok,
visec_hf_003869,3869,33,neutral,central,c3c5c28dbbcbad61ad1318929e784755140920482c17be4d3cad9d38183a7b02,wav2vec2_embedding,b4_features_v1,86bde51fa76dd7f2c4c1bb28d7475d622639f869,data/interim/features/b4_features_v1/wav2vec2_chunk_o003584_n000256/wav2vec2_embedding/visec_hf_003869.npy,31b0f8c60cccaea827a3d35eddc53a926d7361903ebbdf05b659392ef597a4fd,768,float32,1.00000000,ok,
visec_hf_003870,3870,0,neutral,south,49a6573bb202be47332a9cfcdb785a27bb70548a4362bbb3ceb57b0bb4317267,wav2vec2_embedding,b4_features_v1,86bde51fa76dd7f2c4c1bb28d7475d622639f869,data/interim/features/b4_features_v1/wav2vec2_chunk_o003584_n000256/wav2vec2_embedding/visec_hf_003870.npy,025535e622463c32766cd27eb18d4484522c777c13e321fcc1e816b5911c8124,768,float32,1.00000000,ok,
visec_hf_003871,3871,23,neutral,south,28c4b2862bb3d19099998851c1e20cc9af85c095cf1f370f722f4ae265961e56,wav2vec2_embedding,b4_features_v1,86bde51fa76dd7f2c4c1bb28d7475d622639f869,data/interim/features/b4_features_v1/wav2vec2_chunk_o003584_n000256/wav2vec2_embedding/visec_hf_003871.npy,dc290636f2ac44309f36f33564b9a8858b4a07a7bf9a4e944dd31a3e6ddb9969,768,float32,1.00000000,ok,
visec_hf_003872,3872,125,sad,north,bc5371dab788d2933a6772f5b7563ae0f5329d0d199e3b1ddd2f3779b2e01eb6,wav2vec2_embedding,b4_features_v1,86bde51fa76dd7f2c4c1bb28d7475d622639f869,data/interim/features/b4_features_v1/wav2vec2_chunk_o003584_n000256/wav2vec2_embedding/visec_hf_003872.npy,343978c5483de7d1cbb694af9170dca1bf3a1cb6973ac33d9ac16b694be25e9f,768,float32,1.00000000,ok,
visec_hf_003873,3873,115,neutral,south,9b37243800998e174a067ae6505d8f7fddbd4369bbfd9f44e22900f0093311b3,wav2vec2_embedding,b4_features_v1,86bde51fa76dd7f2c4c1bb28d7475d622639f869,data/interim/features/b4_features_v1/wav2vec2_chunk_o003584_n000256/wav2vec2_embedding/visec_hf_003873.npy,ea6b59ce39a03f0302480875a8187579c71f422cd586ba3e568d0a36c9303195,768,float32,1.00000000,ok,
visec_hf_003874,3874,49,sad,south,d652a7cb381a35b5051116d656f0e36f6d5b207141c1eae81c5df4c523cb69dc,wav2vec2_embedding,b4_features_v1,86bde51fa76dd7f2c4c1bb28d7475d622639f869,data/interim/features/b4_features_v1/wav2vec2_chunk_o003584_n000256/wav2vec2_embedding/visec_hf_003874.npy,fc3397ca320661d957c8fb85703fb1b1aed78888297453adbcae00742487ee32,768,float32,1.00000000,ok,
visec_hf_003875,3875,0,sad,south,0ef262adc7083d62d6f3ca97dc3263c31dc8420356bc5838de06839184f2520e,wav2vec2_embedding,b4_features_v1,86bde51fa76dd7f2c4c1bb28d7475d622639f869,data/interim/features/b4_features_v1/wav2vec2_chunk_o003584_n000256/wav2vec2_embedding/visec_hf_003875.npy,c71b98bacab7544c3c7fef856f26070c85d33e90ebf136f6551bcd66dba3b103,768,float32,1.00000000,ok,
visec_hf_003876,3876,25,neutral,north,f019ded123cded08654e307c06d259858c9d5d8d529673874f0dc1253e6df26b,wav2vec2_embedding,b4_features_v1,86bde51fa76dd7f2c4c1bb28d7475d622639f869,data/interim/features/b4_features_v1/wav2vec2_chunk_o003584_n000256/wav2vec2_embedding/visec_hf_003876.npy,9f262d16a366832b6423b35a769c0fe433927c5d2276cec45428e93bd114fb0a,768,float32,1.00000000,ok,
visec_hf_003877,3877,0,sad,south,213a46dabc03344a5424b23c4ebf027709a57dbde8abd6c5193f6b9eda755b21,wav2vec2_embedding,b4_features_v1,86bde51fa76dd7f2c4c1bb28d7475d622639f869,data/interim/features/b4_features_v1/wav2vec2_chunk_o003584_n000256/wav2vec2_embedding/visec_hf_003877.npy,9e63e63fedfbcbbdb9b12a58363c82a51e84e2c119b2332f17d9a4c85104a4b0,768,float32,1.00000000,ok,
visec_hf_003878,3878,59,neutral,south,f7a7a6999b441836f5a4f7a8f8d4938fa03efdb1a041017f2b92682c800e5ae0,wav2vec2_embedding,b4_features_v1,86bde51fa76dd7f2c4c1bb28d7475d622639f869,data/interim/features/b4_features_v1/wav2vec2_chunk_o003584_n000256/wav2vec2_embedding/visec_hf_003878.npy,64c231b1a3d516763805641cf6dbc2145bf4fb7d8f6d072b800ccc4005d8c6fa,768,float32,1.00000000,ok,
visec_hf_003879,3879,23,sad,south,01f58c287a0c14c70176cf786151dacebe7fe78ad1a096453ec6f00ece9e25e7,wav2vec2_embedding,b4_features_v1,86bde51fa76dd7f2c4c1bb28d7475d622639f869,data/interim/features/b4_features_v1/wav2vec2_chunk_o003584_n000256/wav2vec2_embedding/visec_hf_003879.npy,4b8f1d47d8e69bf93fd8104223d4474655d797ab017a456a3182dff6b7444f2f,768,float32,1.00000000,ok,
visec_hf_003880,3880,0,angry,south,aa3d156347079625052e316f816ff5a0e01dcd69cf920fe537a3ed465bcc627c,wav2vec2_embedding,b4_features_v1,86bde51fa76dd7f2c4c1bb28d7475d622639f869,data/interim/features/b4_features_v1/wav2vec2_chunk_o003584_n000256/wav2vec2_embedding/visec_hf_003880.npy,6132da82503218a4ed1e523533c4d05e1976f9b81c395974468082b753d8f123,768,float32,1.00000000,ok,
visec_hf_003882,3882,0,angry,south,00dc702f14809595c82c4e9d33171ea0f3333f705e4586be981dbec9e3db6a70,wav2vec2_embedding,b4_features_v1,86bde51fa76dd7f2c4c1bb28d7475d622639f869,data/interim/features/b4_features_v1/wav2vec2_chunk_o003584_n000256/wav2vec2_embedding/visec_hf_003882.npy,d04e15f3aa48150893aea7490bccf957ac986452ce258dff7435e167fc1c9818,768,float32,1.00000000,ok,
visec_hf_003883,3883,19,happy,north,efa24a45a1901c11c93f28b0e1ecd64a5e367358a131a4fca37dd3720f26157b,wav2vec2_embedding,b4_features_v1,86bde51fa76dd7f2c4c1bb28d7475d622639f869,data/interim/features/b4_features_v1/wav2vec2_chunk_o003584_n000256/wav2vec2_embedding/visec_hf_003883.npy,9bfb8dfe7f53d26fd2461c1346b475c12ddc4faf881d7ab987f3fdcfa745c8c9,768,float32,1.00000000,ok,
visec_hf_003885,3885,0,angry,south,bf5dead0835119e157da45fc665cf625ad2bc38ca55f14934c4ebc9fdf94dfca,wav2vec2_embedding,b4_features_v1,86bde51fa76dd7f2c4c1bb28d7475d622639f869,data/interim/features/b4_features_v1/wav2vec2_chunk_o003584_n000256/wav2vec2_embedding/visec_hf_003885.npy,417fcc254991a9a7455ba895abbfe5f0c02cdb5a7798da02934914e9ceec47c0,768,float32,1.00000000,ok,
visec_hf_003886,3886,6,neutral,central,e8cce2bdb87b289438813e7ff87bee459d2a406bf7a2989734db7349e373d782,wav2vec2_embedding,b4_features_v1,86bde51fa76dd7f2c4c1bb28d7475d622639f869,data/interim/features/b4_features_v1/wav2vec2_chunk_o003584_n000256/wav2vec2_embedding/visec_hf_003886.npy,e2c41cb8b3932a8609c4d5af59d8a4d5b46fc68936a2c422d113443d89ea015a,768,float32,1.00000000,ok,
visec_hf_003887,3887,52,angry,north,d7581aca11d155bd9fec07d2754c44e2107ba3bdbaf1f531af8489740aa24765,wav2vec2_embedding,b4_features_v1,86bde51fa76dd7f2c4c1bb28d7475d622639f869,data/interim/features/b4_features_v1/wav2vec2_chunk_o003584_n000256/wav2vec2_embedding/visec_hf_003887.npy,2e2a356527a791b6e6d5122cca75521a6c475930bbdc7492f0582f36fe0f2cc0,768,float32,1.00000000,ok,
visec_hf_003888,3888,3,neutral,north,5fcbf30f44bc301430fadd02936ddbca1f7a36aea1da2a622be31febe18cd60f,wav2vec2_embedding,b4_features_v1,86bde51fa76dd7f2c4c1bb28d7475d622639f869,data/interim/features/b4_features_v1/wav2vec2_chunk_o003584_n000256/wav2vec2_embedding/visec_hf_003888.npy,4fb4d19dbecfea05187c3ea7f132809f4942bb1ccdfd32108aff514cbed63b0d,768,float32,1.00000000,ok,
visec_hf_003889,3889,3,sad,north,704aa4203e2ddeafdffec0390ae8ea64f898536f941e6bba2b384141791280a5,wav2vec2_embedding,b4_features_v1,86bde51fa76dd7f2c4c1bb28d7475d622639f869,data/interim/features/b4_features_v1/wav2vec2_chunk_o003584_n000256/wav2vec2_embedding/visec_hf_003889.npy,5e7f5818acce48fd890ba70a8916ceec0757677cb03cd2e52c0100394b08b0bc,768,float32,1.00000000,ok,
visec_hf_003890,3890,0,sad,south,225d2c58c88e0f9976dadb9c000d1f043bde59251c28454aff82659b4e205bfb,wav2vec2_embedding,b4_features_v1,86bde51fa76dd7f2c4c1bb28d7475d622639f869,data/interim/features/b4_features_v1/wav2vec2_chunk_o003584_n000256/wav2vec2_embedding/visec_hf_003890.npy,1003076633f7b9d5efcd81b84f1ae91f88b36f3191816cd3a6bf59ffdc6d4f10,768,float32,1.00000000,ok,
visec_hf_003891,3891,0,angry,south,b734b4004428106377e956af2aad8511e40b801b11489b07f22be6ba0832802d,wav2vec2_embedding,b4_features_v1,86bde51fa76dd7f2c4c1bb28d7475d622639f869,data/interim/features/b4_features_v1/wav2vec2_chunk_o003584_n000256/wav2vec2_embedding/visec_hf_003891.npy,0ba6f5ec4a6ac25b2514c6a5ff6f0b071496ce205327812fdc1342126267a61c,768,float32,1.00000000,ok,
visec_hf_003892,3892,3,happy,north,d12802e0ef0d7d692b84f7bcb164cec5ff80eb861491f0e266fc4d7e49d873f7,wav2vec2_embedding,b4_features_v1,86bde51fa76dd7f2c4c1bb28d7475d622639f869,data/interim/features/b4_features_v1/wav2vec2_chunk_o003584_n000256/wav2vec2_embedding/visec_hf_003892.npy,2185f60e8cb69b478efc2927f1c2bef96fb4f9aff2ab0626e92089d19e310e8f,768,float32,1.00000000,ok,
visec_hf_003893,3893,50,angry,north,79196b429be14a1186453b7b731ec40d8ff6776caad7c5a1f474619db2e8c78f,wav2vec2_embedding,b4_features_v1,86bde51fa76dd7f2c4c1bb28d7475d622639f869,data/interim/features/b4_features_v1/wav2vec2_chunk_o003584_n000256/wav2vec2_embedding/visec_hf_003893.npy,2079ff2657a9f73022beb3a196ea4735eba142cef4d291e5a7386d3cdafcc6b0,768,float32,1.00000000,ok,
visec_hf_003894,3894,0,neutral,south,92e7babf7d585e009dcb6ad727b254e67bac730bb3e5a20c9e377d763abc3769,wav2vec2_embedding,b4_features_v1,86bde51fa76dd7f2c4c1bb28d7475d622639f869,data/interim/features/b4_features_v1/wav2vec2_chunk_o003584_n000256/wav2vec2_embedding/visec_hf_003894.npy,d0c921972e9953b694256432ea0ec14498581807cc87a96c2008e26a966c8b17,768,float32,1.00000000,ok,
visec_hf_003895,3895,0,happy,south,31b3ee65670518e9650b2ba470dbf7ce4a3ddf0d0b55dbccf8af3bfec62c3bae,wav2vec2_embedding,b4_features_v1,86bde51fa76dd7f2c4c1bb28d7475d622639f869,data/interim/features/b4_features_v1/wav2vec2_chunk_o003584_n000256/wav2vec2_embedding/visec_hf_003895.npy,ae3e850c9ff22d2f901348e19a0843ab7302f962af80fdc768c8c75f62d6f93b,768,float32,1.00000000,ok,
visec_hf_003896,3896,42,happy,south,aa95378c00e96a5ff67fb76b9a6fa92b3516e05f4297e89ad067007a5ff299f9,wav2vec2_embedding,b4_features_v1,86bde51fa76dd7f2c4c1bb28d7475d622639f869,data/interim/features/b4_features_v1/wav2vec2_chunk_o003584_n000256/wav2vec2_embedding/visec_hf_003896.npy,c90c45bdcb11f728d52f51c109a7a5d05dcdef86413b0a52ddad3c93d0bcc6aa,768,float32,1.00000000,ok,
visec_hf_003897,3897,0,happy,south,4a225491a9e90c2b562be25d397368b62f08c52cbb83edd433e12a8ea57f2085,wav2vec2_embedding,b4_features_v1,86bde51fa76dd7f2c4c1bb28d7475d622639f869,data/interim/features/b4_features_v1/wav2vec2_chunk_o003584_n000256/wav2vec2_embedding/visec_hf_003897.npy,be1fafccc9bb7f4f09599eb0ac5c4881a2de3b62eb01a68814596645b27a7473,768,float32,1.00000000,ok,
visec_hf_003898,3898,3,angry,north,33b0c1278bb9f0a3fb6e7c95c3d1a1a4be3596f8477e4f368b14fb1aa4a9ab7d,wav2vec2_embedding,b4_features_v1,86bde51fa76dd7f2c4c1bb28d7475d622639f869,data/interim/features/b4_features_v1/wav2vec2_chunk_o003584_n000256/wav2vec2_embedding/visec_hf_003898.npy,2507c34758f63b9584a57c8df6afab9a3b66638b2934a8862440eb02b1d4f4c7,768,float32,1.00000000,ok,
visec_hf_003899,3899,0,sad,south,dc06e6c8f62ff69466fd9e30e2ec7e90cab387da5d7e5985e9354cf65b1bfe7f,wav2vec2_embedding,b4_features_v1,86bde51fa76dd7f2c4c1bb28d7475d622639f869,data/interim/features/b4_features_v1/wav2vec2_chunk_o003584_n000256/wav2vec2_embedding/visec_hf_003899.npy,60971b977d02db5112affa60624640dafbb3ff666eb3179acb937ec1e637d7b4,768,float32,1.00000000,ok,
visec_hf_003900,3900,52,angry,north,36ce5e7082dcbc44162a21b7cd0118ca5638c4ed26718f7bf2577879649341db,wav2vec2_embedding,b4_features_v1,86bde51fa76dd7f2c4c1bb28d7475d622639f869,data/interim/features/b4_features_v1/wav2vec2_chunk_o003584_n000256/wav2vec2_embedding/visec_hf_003900.npy,01822013a76f5c2a901c549eefe8ed7c46779e86153e6a57111ae42123fd3225,768,float32,1.00000000,ok,
visec_hf_003901,3901,0,happy,south,41e7b72fb7de8536afaaf8592d219fce393621a05197fc16b1cbd93bbf9246d7,wav2vec2_embedding,b4_features_v1,86bde51fa76dd7f2c4c1bb28d7475d622639f869,data/interim/features/b4_features_v1/wav2vec2_chunk_o003584_n000256/wav2vec2_embedding/visec_hf_003901.npy,4919529c1b5095e5a5680cd3fc4bc2cc3aea4b2f882d6305711a9a66c3ad7b98,768,float32,1.00000000,ok,
visec_hf_003902,3902,0,angry,south,171009363905cad480e543b50d4a6015cc2dec59cd6427266522a5c65dc89834,wav2vec2_embedding,b4_features_v1,86bde51fa76dd7f2c4c1bb28d7475d622639f869,data/interim/features/b4_features_v1/wav2vec2_chunk_o003584_n000256/wav2vec2_embedding/visec_hf_003902.npy,29a0a06b4f59c24700e8144ed547ca4625ca0cefe417b97c9668d817cd89e87b,768,float32,1.00000000,ok,
visec_hf_003903,3903,0,happy,south,ec2c5d61234584ec120e7a02469fbe0283594c3c7370f8e87da066ba458dc042,wav2vec2_embedding,b4_features_v1,86bde51fa76dd7f2c4c1bb28d7475d622639f869,data/interim/features/b4_features_v1/wav2vec2_chunk_o003584_n000256/wav2vec2_embedding/visec_hf_003903.npy,aec2ca2553887827ef72e4b690668bfb6470cc77447275f8c0b8324041a37543,768,float32,1.00000000,ok,
visec_hf_003904,3904,0,happy,south,f85cdaeeb9cc37115d65b03e2454f7fb91b33de7a1a24bb1c44fff27679ac443,wav2vec2_embedding,b4_features_v1,86bde51fa76dd7f2c4c1bb28d7475d622639f869,data/interim/features/b4_features_v1/wav2vec2_chunk_o003584_n000256/wav2vec2_embedding/visec_hf_003904.npy,1c555e3b26437a8c3ff5f50aa4eb9b926b7f913052553e647c1c8bde2e9e93bd,768,float32,1.00000000,ok,
visec_hf_003905,3905,0,neutral,south,8b2fdcdff6c0fb371e4749faea27c3d1b410477182406d47bb35e232138a43b5,wav2vec2_embedding,b4_features_v1,86bde51fa76dd7f2c4c1bb28d7475d622639f869,data/interim/features/b4_features_v1/wav2vec2_chunk_o003584_n000256/wav2vec2_embedding/visec_hf_003905.npy,ef4d918472de1905c1b0b6d8b241404cca7896163f7f65596aa5c9fd46facc55,768,float32,1.00000000,ok,
visec_hf_003906,3906,2,sad,south,c956eec39fdea8f736b181c9ed73507a867f7bfd0255880b85364db98fe4b33a,wav2vec2_embedding,b4_features_v1,86bde51fa76dd7f2c4c1bb28d7475d622639f869,data/interim/features/b4_features_v1/wav2vec2_chunk_o003584_n000256/wav2vec2_embedding/visec_hf_003906.npy,b27a93e799a1d4479f80911dd0c707c94e3b395cb629a060e630ee9b91cd3b87,768,float32,1.00000000,ok,
visec_hf_003907,3907,110,sad,south,8deff64a23c6c8416256172f3ffa77c278f47674525099ecb94b5f94af46ac2b,wav2vec2_embedding,b4_features_v1,86bde51fa76dd7f2c4c1bb28d7475d622639f869,data/interim/features/b4_features_v1/wav2vec2_chunk_o003584_n000256/wav2vec2_embedding/visec_hf_003907.npy,f8cba14302596262aeff31b128af7b95ae859faed58ec76b638fccfbe67c84e0,768,float32,1.00000000,ok,
visec_hf_003908,3908,120,happy,south,48f0f570e3b0129e8b79120435bb59ddf7009b5541fc51f1782d8443f5122f05,wav2vec2_embedding,b4_features_v1,86bde51fa76dd7f2c4c1bb28d7475d622639f869,data/interim/features/b4_features_v1/wav2vec2_chunk_o003584_n000256/wav2vec2_embedding/visec_hf_003908.npy,86ed0a839290018feeb1fde412f79cc36a6b478f30fb6eda59a7859f733b60e2,768,float32,1.00000000,ok,
visec_hf_003909,3909,0,angry,south,67bdb63400b7a61c00ac892fc255650128389c1483471e523c076324fb1de156,wav2vec2_embedding,b4_features_v1,86bde51fa76dd7f2c4c1bb28d7475d622639f869,data/interim/features/b4_features_v1/wav2vec2_chunk_o003584_n000256/wav2vec2_embedding/visec_hf_003909.npy,d9d086f1788fbd0c6ed4c2780901d9ee0ec88c215e2c8a8165c1b3bcdd6a2a03,768,float32,1.00000000,ok,
visec_hf_003910,3910,0,neutral,south,5c662e0b3f0218bfc17f40f0144a9164baac9a68df0030dd2c647a4e8ea0c228,wav2vec2_embedding,b4_features_v1,86bde51fa76dd7f2c4c1bb28d7475d622639f869,data/interim/features/b4_features_v1/wav2vec2_chunk_o003584_n000256/wav2vec2_embedding/visec_hf_003910.npy,ed7156cfbeb77c9f44cc5b1f646d01f31b5c5f09c6b772725d69827eaae727ab,768,float32,1.00000000,ok,
visec_hf_003911,3911,113,neutral,south,3774e3aa3c58e5b0bc3535f976c4280cd3082fcc9ce402b9abd13702c2e5e62b,wav2vec2_embedding,b4_features_v1,86bde51fa76dd7f2c4c1bb28d7475d622639f869,data/interim/features/b4_features_v1/wav2vec2_chunk_o003584_n000256/wav2vec2_embedding/visec_hf_003911.npy,607f2da30a14e077faaa67b02ca9802d0936e50d0c04e0739e18be7694ef0705,768,float32,1.00000000,ok,
visec_hf_003912,3912,0,angry,south,f782cb6bc1d4c858ac1957c636150869116d997568d02d5218c5bdcf9097d841,wav2vec2_embedding,b4_features_v1,86bde51fa76dd7f2c4c1bb28d7475d622639f869,data/interim/features/b4_features_v1/wav2vec2_chunk_o003584_n000256/wav2vec2_embedding/visec_hf_003912.npy,a394d446c76167c0709d047b5144f3470ab4f88155dfa0e8ddbfecc04d69d5ba,768,float32,1.00000000,ok,
visec_hf_003913,3913,0,angry,south,ecfc916483618ef1c2ed5f3dceee479cdbfeee6f28ec981f9b82f3fdb3f42c3d,wav2vec2_embedding,b4_features_v1,86bde51fa76dd7f2c4c1bb28d7475d622639f869,data/interim/features/b4_features_v1/wav2vec2_chunk_o003584_n000256/wav2vec2_embedding/visec_hf_003913.npy,19c01704f31797ca1383d9e93e01d8a21f80fd29b187e56f04f4d1655562432c,768,float32,1.00000000,ok,
visec_hf_003914,3914,38,sad,south,cb8e57fbeb5a9bb5f78ae6f645858c4b5b970856edad4c99f4b5faf2483b2377,wav2vec2_embedding,b4_features_v1,86bde51fa76dd7f2c4c1bb28d7475d622639f869,data/interim/features/b4_features_v1/wav2vec2_chunk_o003584_n000256/wav2vec2_embedding/visec_hf_003914.npy,38d7fd132f0a71e563dca4a820a60998bc0a451f0f794f4896c5c26b9ba58be3,768,float32,1.00000000,ok,
visec_hf_003915,3915,3,angry,north,42dbc071d93323cedbc7fffd7369ccb676198186c6162168688e52fcf6c3b17c,wav2vec2_embedding,b4_features_v1,86bde51fa76dd7f2c4c1bb28d7475d622639f869,data/interim/features/b4_features_v1/wav2vec2_chunk_o003584_n000256/wav2vec2_embedding/visec_hf_003915.npy,e95d08d99facbc2d2a8258984e9b8ccb9040347a8bcfbe107ad69634e1a27d80,768,float32,1.00000000,ok,
visec_hf_003916,3916,0,angry,south,0f38af826827d685fa3b281e3ac4966ad677ff12b880fd4560bf67584899fdc8,wav2vec2_embedding,b4_features_v1,86bde51fa76dd7f2c4c1bb28d7475d622639f869,data/interim/features/b4_features_v1/wav2vec2_chunk_o003584_n000256/wav2vec2_embedding/visec_hf_003916.npy,3281240375fc160ac8adf563cbc5a86c192b936f630a4c777398ab2e01931608,768,float32,1.00000000,ok,
visec_hf_003917,3917,0,neutral,south,43e6199564399ddbade48d5e3f13efd929b5519d3187505148e8e84cd186c36f,wav2vec2_embedding,b4_features_v1,86bde51fa76dd7f2c4c1bb28d7475d622639f869,data/interim/features/b4_features_v1/wav2vec2_chunk_o003584_n000256/wav2vec2_embedding/visec_hf_003917.npy,7d4d89702b550f0a4ea2ac405f8ad282fddd9c54577f94efdd610c8a05ab5212,768,float32,1.00000000,ok,
visec_hf_003918,3918,61,neutral,north,e11660b7754bf9690bb9e23a88fccc219b4f4a87849417264073013121e4b5e3,wav2vec2_embedding,b4_features_v1,86bde51fa76dd7f2c4c1bb28d7475d622639f869,data/interim/features/b4_features_v1/wav2vec2_chunk_o003584_n000256/wav2vec2_embedding/visec_hf_003918.npy,322760b8abbfabcde7e3da2eb40be7e4962a1782826dcd3620277a2281a2fc43,768,float32,1.00000000,ok,
visec_hf_003919,3919,0,sad,south,25d97a8ada8b8558619035f9a89b67039e326336a158f0ca6928d01dcac32040,wav2vec2_embedding,b4_features_v1,86bde51fa76dd7f2c4c1bb28d7475d622639f869,data/interim/features/b4_features_v1/wav2vec2_chunk_o003584_n000256/wav2vec2_embedding/visec_hf_003919.npy,5991679dc26d7667f231bb31b82c3125fbdc53d751bc58f115d76145fe9108a3,768,float32,1.00000000,ok,
visec_hf_003920,3920,23,sad,south,2a35c2c8a822b33693854cd222c53ad5821f21682291149cd374cd61a3abf2e2,wav2vec2_embedding,b4_features_v1,86bde51fa76dd7f2c4c1bb28d7475d622639f869,data/interim/features/b4_features_v1/wav2vec2_chunk_o003584_n000256/wav2vec2_embedding/visec_hf_003920.npy,5c8b04e8bd493b67eb849ed00a1576dde3ae453ee41c9ed4f114a807fba43c94,768,float32,1.00000000,ok,
visec_hf_003921,3921,0,happy,south,21d589065c2a6eca1251812f4228b4c61e75effd8c3985340be36fd2ed467b50,wav2vec2_embedding,b4_features_v1,86bde51fa76dd7f2c4c1bb28d7475d622639f869,data/interim/features/b4_features_v1/wav2vec2_chunk_o003584_n000256/wav2vec2_embedding/visec_hf_003921.npy,c5b9b96e61f3ad17eca9560df00e378c39d8425ba2b7a7f04ec41d512ee3bb14,768,float32,1.00000000,ok,
visec_hf_003922,3922,50,angry,north,657b89d97589f9409f87eb3357279bf7fe9359924e5c9f46b7a4f870823a5c4c,wav2vec2_embedding,b4_features_v1,86bde51fa76dd7f2c4c1bb28d7475d622639f869,data/interim/features/b4_features_v1/wav2vec2_chunk_o003584_n000256/wav2vec2_embedding/visec_hf_003922.npy,26b820238c4636b44383e7cd3c645908b6a5cb5d9cf1979b92772477424acc33,768,float32,1.00000000,ok,
visec_hf_003923,3923,39,neutral,south,b97d3b69904c0a2f8738533aec12a0c74d26711b934acc794507a347e9d75596,wav2vec2_embedding,b4_features_v1,86bde51fa76dd7f2c4c1bb28d7475d622639f869,data/interim/features/b4_features_v1/wav2vec2_chunk_o003584_n000256/wav2vec2_embedding/visec_hf_003923.npy,96de39618a527a6534ae6c1004d513981cd76d039da67035c8f7478b5fac04af,768,float32,1.00000000,ok,
visec_hf_003924,3924,0,sad,south,76f15a1c04753fa7f7ca8eb2f727d64a79850b663ede53856e447c3f33771220,wav2vec2_embedding,b4_features_v1,86bde51fa76dd7f2c4c1bb28d7475d622639f869,data/interim/features/b4_features_v1/wav2vec2_chunk_o003584_n000256/wav2vec2_embedding/visec_hf_003924.npy,1caaad0a1fb8fae79e798bf63e79b2eb0f28c8d6d4d7acca7c0d71866230c832,768,float32,1.00000000,ok,
visec_hf_003926,3926,0,neutral,south,9c9258dad00bc445bc4e29548537ec715dc31c078349f58e3770659620ee53cb,wav2vec2_embedding,b4_features_v1,86bde51fa76dd7f2c4c1bb28d7475d622639f869,data/interim/features/b4_features_v1/wav2vec2_chunk_o003584_n000256/wav2vec2_embedding/visec_hf_003926.npy,904d296cba2fe0e8ec099b2752c01bb649192b5c83b16022b2930dc72d615d29,768,float32,1.00000000,ok,
visec_hf_003927,3927,50,happy,north,6afb594cf1324ca37193bb7c16af23cebc9b08b1bae8efc5ee1c63fa4ff039ce,wav2vec2_embedding,b4_features_v1,86bde51fa76dd7f2c4c1bb28d7475d622639f869,data/interim/features/b4_features_v1/wav2vec2_chunk_o003584_n000256/wav2vec2_embedding/visec_hf_003927.npy,0b915b66b3af944c5a5b69b907efd28ed1bcea9f42007938a73676f78cbc9fb8,768,float32,1.00000000,ok,
visec_hf_003928,3928,6,neutral,central,b288e6bcb1ea5bf7ea51bc29a25bf231a5e9c13443d9b39550d2f62ad1c616a7,wav2vec2_embedding,b4_features_v1,86bde51fa76dd7f2c4c1bb28d7475d622639f869,data/interim/features/b4_features_v1/wav2vec2_chunk_o003584_n000256/wav2vec2_embedding/visec_hf_003928.npy,3e750530d2724123b7e4b855f09fdc1a7e0dcb986dddeff0855f17ffae93e49c,768,float32,1.00000000,ok,
visec_hf_003929,3929,2,angry,south,381d19dce949bb3d23135b910ef430b44483cb342267fac3c8320550d034c8a4,wav2vec2_embedding,b4_features_v1,86bde51fa76dd7f2c4c1bb28d7475d622639f869,data/interim/features/b4_features_v1/wav2vec2_chunk_o003584_n000256/wav2vec2_embedding/visec_hf_003929.npy,75ac90484163eb5737db0fa45ebbe399beef3e865400b60cbdcb5fc4c35264bf,768,float32,1.00000000,ok,
visec_hf_003930,3930,0,happy,south,bdd9307be29d6208c036427afe9bb9b9d8f2231821ba690f2ac2d280a5685b43,wav2vec2_embedding,b4_features_v1,86bde51fa76dd7f2c4c1bb28d7475d622639f869,data/interim/features/b4_features_v1/wav2vec2_chunk_o003584_n000256/wav2vec2_embedding/visec_hf_003930.npy,d6bb590346fdd4b512a8053d092d6737b9a501a71734aefec2b9440b3d87d661,768,float32,1.00000000,ok,
visec_hf_003931,3931,0,neutral,south,0c664ef4b62f70353f5484b520d947466d8a45bfca956662aed94a2a895322be,wav2vec2_embedding,b4_features_v1,86bde51fa76dd7f2c4c1bb28d7475d622639f869,data/interim/features/b4_features_v1/wav2vec2_chunk_o003584_n000256/wav2vec2_embedding/visec_hf_003931.npy,867043eb89112b10debb6a0d38aa32f2a856456ae304061a2f07a4c45e2f3631,768,float32,1.00000000,ok,
visec_hf_003933,3933,57,angry,north,2ade87d652f34f1964936ab3f0b0165e69ddc2c11c40d21f508ab4e41eb23891,wav2vec2_embedding,b4_features_v1,86bde51fa76dd7f2c4c1bb28d7475d622639f869,data/interim/features/b4_features_v1/wav2vec2_chunk_o003584_n000256/wav2vec2_embedding/visec_hf_003933.npy,49865e7f021af65888e58e7be5549c7a7462e7b33ed139b801f55520fd1dddcc,768,float32,1.00000000,ok,
visec_hf_003934,3934,9,sad,south,1a5c26e3dfb6bfc8f675555e8880880c104303610a09b8a83ed2cb6e80398728,wav2vec2_embedding,b4_features_v1,86bde51fa76dd7f2c4c1bb28d7475d622639f869,data/interim/features/b4_features_v1/wav2vec2_chunk_o003584_n000256/wav2vec2_embedding/visec_hf_003934.npy,536d25f31aca8d7caa0d47e94f6b68257f1a8742542f97b1fdcf24f769b00d59,768,float32,1.00000000,ok,
visec_hf_003935,3935,0,angry,south,dd51f1d5e5bec2186851ff0cf48c17b074ca125185a50c8a787e72dff50a6fb5,wav2vec2_embedding,b4_features_v1,86bde51fa76dd7f2c4c1bb28d7475d622639f869,data/interim/features/b4_features_v1/wav2vec2_chunk_o003584_n000256/wav2vec2_embedding/visec_hf_003935.npy,e78e58ca1922dcfdf6edcf2aca59abfeea91ecde46577a6b1af7aa89617f3771,768,float32,1.00000000,ok,
visec_hf_003936,3936,12,angry,north,0848a506214de236411bc60bd910476b1b39df6bd595032ab435190cf8e34ea1,wav2vec2_embedding,b4_features_v1,86bde51fa76dd7f2c4c1bb28d7475d622639f869,data/interim/features/b4_features_v1/wav2vec2_chunk_o003584_n000256/wav2vec2_embedding/visec_hf_003936.npy,3a4d45f1bc394a4e77794d7e32a7a9f39d5598e1bfd6f9a2a6dec1dee9670649,768,float32,1.00000000,ok,
visec_hf_003937,3937,23,sad,south,16d420e6454c864b770a5345d399ed2868b1080d5f6aa7b776ea31d290a9997c,wav2vec2_embedding,b4_features_v1,86bde51fa76dd7f2c4c1bb28d7475d622639f869,data/interim/features/b4_features_v1/wav2vec2_chunk_o003584_n000256/wav2vec2_embedding/visec_hf_003937.npy,bb43d066bb9146778322ba8795bdcb35aa2fa72735dba08272fad9843b3d9016,768,float32,1.00000000,ok,
visec_hf_003938,3938,0,happy,south,e78ec6de8ac28394fe49075802c46e615ca220af20406cb0dd09539cb5977837,wav2vec2_embedding,b4_features_v1,86bde51fa76dd7f2c4c1bb28d7475d622639f869,data/interim/features/b4_features_v1/wav2vec2_chunk_o003584_n000256/wav2vec2_embedding/visec_hf_003938.npy,a41a3b7b465efe028eac3957c3a26e7fafe9a6216e968d073110773528df2e71,768,float32,1.00000000,ok,
visec_hf_003939,3939,78,neutral,north,0b2936b0b8d18ac30043a1326c136688eec42de3c6c3063ebe7e76aff9c4b74a,wav2vec2_embedding,b4_features_v1,86bde51fa76dd7f2c4c1bb28d7475d622639f869,data/interim/features/b4_features_v1/wav2vec2_chunk_o003584_n000256/wav2vec2_embedding/visec_hf_003939.npy,21ac6804b081914c0b03b3ceb851b2d179c63e09be8d1e0a1e73f25f5c17854e,768,float32,1.00000000,ok,
visec_hf_003940,3940,0,neutral,south,e084b2c04b0ee29184a7ab2b3b6a6a3a61f0bfea2c306887c6fa17ea3da6b046,wav2vec2_embedding,b4_features_v1,86bde51fa76dd7f2c4c1bb28d7475d622639f869,data/interim/features/b4_features_v1/wav2vec2_chunk_o003584_n000256/wav2vec2_embedding/visec_hf_003940.npy,90a80a6e6606902b987c218ecb7540c10c93fb589e357a645cdb8679e1ec9f4c,768,float32,1.00000000,ok,
visec_hf_003941,3941,16,sad,north,44422b35400d8819342f2d760f6432a228f28c38c2e5e0e50de50ad477e450d9,wav2vec2_embedding,b4_features_v1,86bde51fa76dd7f2c4c1bb28d7475d622639f869,data/interim/features/b4_features_v1/wav2vec2_chunk_o003584_n000256/wav2vec2_embedding/visec_hf_003941.npy,4a10ee815f15ed1abc2ef589c07d2547214ef036bba068c1fd39ece0a5a0d310,768,float32,1.00000000,ok,
visec_hf_003942,3942,51,neutral,south,b3bbaa41589466169cd7a90d68463617471a9bd3ecd04cc13b7d062a10849636,wav2vec2_embedding,b4_features_v1,86bde51fa76dd7f2c4c1bb28d7475d622639f869,data/interim/features/b4_features_v1/wav2vec2_chunk_o003584_n000256/wav2vec2_embedding/visec_hf_003942.npy,6796d57eb2e1eefa70e0203b9663f851d80b98f1084029a6ac31249bbf956b0d,768,float32,1.00000000,ok,
visec_hf_003943,3943,120,angry,south,a537323bf92cd0e7435a2adc3f47e7b0142d9868f6f1edf5e79bb1617861c8e3,wav2vec2_embedding,b4_features_v1,86bde51fa76dd7f2c4c1bb28d7475d622639f869,data/interim/features/b4_features_v1/wav2vec2_chunk_o003584_n000256/wav2vec2_embedding/visec_hf_003943.npy,9768ce5dc1a7b52429564f96a41ced298c830925327836174042f92d94e4aaed,768,float32,1.00000000,ok,
visec_hf_003944,3944,95,neutral,north,4469c3dc10a84b8fd2ce952906136eccd4fb2ddff7afe72e4fd5abb3109ec9c0,wav2vec2_embedding,b4_features_v1,86bde51fa76dd7f2c4c1bb28d7475d622639f869,data/interim/features/b4_features_v1/wav2vec2_chunk_o003584_n000256/wav2vec2_embedding/visec_hf_003944.npy,5a07762165c4d0914080519427c39bbb112c30ec3a529369a93f3b94db225b41,768,float32,1.00000000,ok,
visec_hf_003945,3945,0,angry,south,8a81efb3062a4e98dc070bb00174f9544491cd6c9c3c786281fe805a3a0a715d,wav2vec2_embedding,b4_features_v1,86bde51fa76dd7f2c4c1bb28d7475d622639f869,data/interim/features/b4_features_v1/wav2vec2_chunk_o003584_n000256/wav2vec2_embedding/visec_hf_003945.npy,385b7e8dcaa4bc3d8e65f68914b41962c09353108165e6f3373612445d631928,768,float32,1.00000000,ok,
visec_hf_003946,3946,81,neutral,south,ba36bc0358d69709113e98414c4516cf14d9e2839c9248d72660735b1badffbd,wav2vec2_embedding,b4_features_v1,86bde51fa76dd7f2c4c1bb28d7475d622639f869,data/interim/features/b4_features_v1/wav2vec2_chunk_o003584_n000256/wav2vec2_embedding/visec_hf_003946.npy,37007baf0d13e6d1627680c3eca49ade7206c101a7f2572b65f9221914b0ba50,768,float32,1.00000000,ok,
visec_hf_003947,3947,0,angry,south,aa8a9695bfd655db81e3d0547a88e1e07b01544fe0a8d9a7096e7c6f50567310,wav2vec2_embedding,b4_features_v1,86bde51fa76dd7f2c4c1bb28d7475d622639f869,data/interim/features/b4_features_v1/wav2vec2_chunk_o003584_n000256/wav2vec2_embedding/visec_hf_003947.npy,cca367d68ff8b87d3eb51a1e4c817701dc0bec51fd6420643465f375a8208157,768,float32,1.00000000,ok,
visec_hf_003948,3948,0,neutral,south,53e4a13d6781998291911302509c2bf2f8190ba8cace891f3f92e72954857355,wav2vec2_embedding,b4_features_v1,86bde51fa76dd7f2c4c1bb28d7475d622639f869,data/interim/features/b4_features_v1/wav2vec2_chunk_o003584_n000256/wav2vec2_embedding/visec_hf_003948.npy,4072494513cdea45acc54b6d3339f101998a924e99ef2b95d5a94ba030e8c925,768,float32,1.00000000,ok,
visec_hf_003950,3950,16,neutral,north,95c72dcb9c1b2fffd435ca820ad0acffc1b41ec778a7266df36573c069c49350,wav2vec2_embedding,b4_features_v1,86bde51fa76dd7f2c4c1bb28d7475d622639f869,data/interim/features/b4_features_v1/wav2vec2_chunk_o003584_n000256/wav2vec2_embedding/visec_hf_003950.npy,83504f7233c4e4ff75e3ace59d305f9534e50f35807c0f259312b383c9a7bc4f,768,float32,1.00000000,ok,
visec_hf_003951,3951,0,angry,south,1105c3c8449ad47d909246bd761861b5325c149b001e30182cc3f0a32b8e20df,wav2vec2_embedding,b4_features_v1,86bde51fa76dd7f2c4c1bb28d7475d622639f869,data/interim/features/b4_features_v1/wav2vec2_chunk_o003584_n000256/wav2vec2_embedding/visec_hf_003951.npy,b1f6f924b1c30b348abc215dbb0b8819bd45fb988e8591206c81cbab205da073,768,float32,1.00000000,ok,
visec_hf_003952,3952,38,neutral,south,bff7986637c144f6cbf5495037f08d9404f3369d4949774f694e71ef7367fcea,wav2vec2_embedding,b4_features_v1,86bde51fa76dd7f2c4c1bb28d7475d622639f869,data/interim/features/b4_features_v1/wav2vec2_chunk_o003584_n000256/wav2vec2_embedding/visec_hf_003952.npy,ef55aba64ff1bd2592b73182e2767470da4e49d2e58b3547ea694db81a224d2a,768,float32,1.00000000,ok,
visec_hf_003954,3954,0,angry,south,0cce2c5fb2a11be502e902e721d8f93fde7942e9b06b5917bb5607ae5a483f5e,wav2vec2_embedding,b4_features_v1,86bde51fa76dd7f2c4c1bb28d7475d622639f869,data/interim/features/b4_features_v1/wav2vec2_chunk_o003584_n000256/wav2vec2_embedding/visec_hf_003954.npy,429ac91408f86a4472a31b2be21e39858588004c1d4378a659b623020e84a3a8,768,float32,1.00000000,ok,
visec_hf_003955,3955,25,angry,north,6c3fb1c2fe947ee88c4e7a2bcb38f48aa44e7b8a31d1a30c0f8819834db82393,wav2vec2_embedding,b4_features_v1,86bde51fa76dd7f2c4c1bb28d7475d622639f869,data/interim/features/b4_features_v1/wav2vec2_chunk_o003584_n000256/wav2vec2_embedding/visec_hf_003955.npy,264f4bca4f08f4e2a5410f461b4519a8e2389dd0053b3d6314ee51df1753eb0b,768,float32,1.00000000,ok,
visec_hf_003956,3956,0,neutral,south,cc5956074a93e89182070f2fd5d77685916b2f12c1a0588c09b90cb62c6129c8,wav2vec2_embedding,b4_features_v1,86bde51fa76dd7f2c4c1bb28d7475d622639f869,data/interim/features/b4_features_v1/wav2vec2_chunk_o003584_n000256/wav2vec2_embedding/visec_hf_003956.npy,c15a93e93d81def1e0085680fd5180061c4502e437e07cfd8abb030469781e88,768,float32,1.00000000,ok,
visec_hf_003957,3957,86,sad,south,4e8bad7c2e7925fede116afc70f916c07f4c5cbefb8b98178c446b571191e6dd,wav2vec2_embedding,b4_features_v1,86bde51fa76dd7f2c4c1bb28d7475d622639f869,data/interim/features/b4_features_v1/wav2vec2_chunk_o003584_n000256/wav2vec2_embedding/visec_hf_003957.npy,8e4859345498fe7578a96ba16d0c2a6bc05075696391e4b3046eb5fad2628a57,768,float32,1.00000000,ok,
visec_hf_003958,3958,0,angry,south,854f46bb04c98942ee695064b11ff016d613671ca81fb6b42f646462bb4cbaf2,wav2vec2_embedding,b4_features_v1,86bde51fa76dd7f2c4c1bb28d7475d622639f869,data/interim/features/b4_features_v1/wav2vec2_chunk_o003584_n000256/wav2vec2_embedding/visec_hf_003958.npy,b1313dc9f458a7de85c5c09848ba9e54c8c0f63065f7f63513fce318c394f721,768,float32,1.00000000,ok,
visec_hf_003959,3959,0,sad,south,b193096c6365cfb0bcfbd763514239d0a6e2eae6b3003fc1c64e06b45bbd4849,wav2vec2_embedding,b4_features_v1,86bde51fa76dd7f2c4c1bb28d7475d622639f869,data/interim/features/b4_features_v1/wav2vec2_chunk_o003584_n000256/wav2vec2_embedding/visec_hf_003959.npy,bce267db3fa0f09b4c338debefdd575906492d4ab267ef1a1d07bef470b8680d,768,float32,1.00000000,ok,
visec_hf_003960,3960,0,neutral,south,d4125a175f51b23695cbb85fa005dd35980e19a6ad6c6aa4b3854986367365d5,wav2vec2_embedding,b4_features_v1,86bde51fa76dd7f2c4c1bb28d7475d622639f869,data/interim/features/b4_features_v1/wav2vec2_chunk_o003584_n000256/wav2vec2_embedding/visec_hf_003960.npy,60d662af8f6cc1990d620fa2c9b24c0716ed3b24f1576cb6660b0612082e0bca,768,float32,1.00000000,ok,
visec_hf_003961,3961,0,angry,south,ea886f417bc184ecee3cb78e3b68e4d1069c7bb49a441567b8c4faf42bf0ed4f,wav2vec2_embedding,b4_features_v1,86bde51fa76dd7f2c4c1bb28d7475d622639f869,data/interim/features/b4_features_v1/wav2vec2_chunk_o003584_n000256/wav2vec2_embedding/visec_hf_003961.npy,858eae37a7f5b6b8ff4d3b027629729d29f95b621ac8a75e187b84dfdbd21304,768,float32,1.00000000,ok,
visec_hf_003962,3962,0,angry,south,dd7d0d41c97dd87165fadb6245ea9a55e8d917c78f702b288d8d362aa6635acc,wav2vec2_embedding,b4_features_v1,86bde51fa76dd7f2c4c1bb28d7475d622639f869,data/interim/features/b4_features_v1/wav2vec2_chunk_o003584_n000256/wav2vec2_embedding/visec_hf_003962.npy,007a80a246c314c859c0a553701de0e6d218a1a357b3744a7f7ed883989010d7,768,float32,1.00000000,ok,
visec_hf_003963,3963,73,happy,north,404653bf6b49dc05e30a3623f5625fefc69615a88e00a1f409ea05bea751a523,wav2vec2_embedding,b4_features_v1,86bde51fa76dd7f2c4c1bb28d7475d622639f869,data/interim/features/b4_features_v1/wav2vec2_chunk_o003584_n000256/wav2vec2_embedding/visec_hf_003963.npy,8deb8b6f825043ebed5a1ff922b9dd91c4690a4463387d43882806a5084fba00,768,float32,1.00000000,ok,
visec_hf_003964,3964,0,sad,south,f8dbb0ae42813bf604cf4320adf76e6226a6b95c77b2eaa04591908ab27e4738,wav2vec2_embedding,b4_features_v1,86bde51fa76dd7f2c4c1bb28d7475d622639f869,data/interim/features/b4_features_v1/wav2vec2_chunk_o003584_n000256/wav2vec2_embedding/visec_hf_003964.npy,7da5baf7014afa29cb2ab33dca3584051579c6214cfa646fe5933a6b4798429a,768,float32,1.00000000,ok,
visec_hf_003965,3965,38,sad,south,033be3cbe2957a4841d022df7e8d2b7dc1edff3a3d87fffd9837163dd07ae8a8,wav2vec2_embedding,b4_features_v1,86bde51fa76dd7f2c4c1bb28d7475d622639f869,data/interim/features/b4_features_v1/wav2vec2_chunk_o003584_n000256/wav2vec2_embedding/visec_hf_003965.npy,a3704df24fcc0511baf7df34ea6e5dae40abf7159ba5fd451e7da500270cec48,768,float32,1.00000000,ok,
visec_hf_003966,3966,0,angry,south,21ed32d72db9eb44c8d3beaed91cd62874bbddf335de37691e6b51a0d4bc434c,wav2vec2_embedding,b4_features_v1,86bde51fa76dd7f2c4c1bb28d7475d622639f869,data/interim/features/b4_features_v1/wav2vec2_chunk_o003584_n000256/wav2vec2_embedding/visec_hf_003966.npy,f6b5363dff118dc89254bc7f25c80d8179e249c711671a888a8de67a6abb7c48,768,float32,1.00000000,ok,
visec_hf_003967,3967,3,neutral,north,f064247685c1296dee106972789749940e41c10132317142b7b496aeaa0f79d9,wav2vec2_embedding,b4_features_v1,86bde51fa76dd7f2c4c1bb28d7475d622639f869,data/interim/features/b4_features_v1/wav2vec2_chunk_o003584_n000256/wav2vec2_embedding/visec_hf_003967.npy,6312b2bfeadfa63ea226b5db9c19bf198b444328b3428357be30291d9e527664,768,float32,1.00000000,ok,
visec_hf_003968,3968,49,neutral,south,f8549c600e6a4a2be389c118992f7b350fe1568ada920158e28a644fdc9d1180,wav2vec2_embedding,b4_features_v1,86bde51fa76dd7f2c4c1bb28d7475d622639f869,data/interim/features/b4_features_v1/wav2vec2_chunk_o003584_n000256/wav2vec2_embedding/visec_hf_003968.npy,38b2cfe776da29b5b50d42ebc204b79f732c721b9a4eff33058e3c7e7f722033,768,float32,1.00000000,ok,
visec_hf_003970,3970,0,neutral,south,fb728bee9d155a23249219f98c9395633db73a15610b1a4ca9c89b81d9f3101a,wav2vec2_embedding,b4_features_v1,86bde51fa76dd7f2c4c1bb28d7475d622639f869,data/interim/features/b4_features_v1/wav2vec2_chunk_o003584_n000256/wav2vec2_embedding/visec_hf_003970.npy,63bee4b299333e729dd94f5096aa89626afdaa11df7db9f5163f3bf2311937dc,768,float32,1.00000000,ok,
visec_hf_003971,3971,0,neutral,south,243e3543b3e428c36a499b38fad2df2ff00905edc7833722caa826967b369796,wav2vec2_embedding,b4_features_v1,86bde51fa76dd7f2c4c1bb28d7475d622639f869,data/interim/features/b4_features_v1/wav2vec2_chunk_o003584_n000256/wav2vec2_embedding/visec_hf_003971.npy,859a8ba2d6435421ccca57df2c805bee2c7c495c1427cc5d8b2c4707593be00e,768,float32,1.00000000,ok,
visec_hf_003974,3974,0,neutral,south,c227253941ed0353ca292bda98e545482a44c8065cbdd00a59e25748b66e5009,wav2vec2_embedding,b4_features_v1,86bde51fa76dd7f2c4c1bb28d7475d622639f869,data/interim/features/b4_features_v1/wav2vec2_chunk_o003584_n000256/wav2vec2_embedding/visec_hf_003974.npy,273f9fe23ddc5cdff918070325c959abddec51d442dc848ba93b5d1c4e4dd0bd,768,float32,1.00000000,ok,
visec_hf_003975,3975,3,happy,north,947e7a98d22a978b3e585b4cedd183cc1913b596da15b56402f4c32f34020669,wav2vec2_embedding,b4_features_v1,86bde51fa76dd7f2c4c1bb28d7475d622639f869,data/interim/features/b4_features_v1/wav2vec2_chunk_o003584_n000256/wav2vec2_embedding/visec_hf_003975.npy,420ed1ebb3f5727bdc5bf9944adef9e5786eaac322848a650ddf856e06b05b9a,768,float32,1.00000000,ok,
visec_hf_003976,3976,0,neutral,south,ede28c7755230bdac6f459000b62a34d0ef364f4e6fc11c82630e370201883d7,wav2vec2_embedding,b4_features_v1,86bde51fa76dd7f2c4c1bb28d7475d622639f869,data/interim/features/b4_features_v1/wav2vec2_chunk_o003584_n000256/wav2vec2_embedding/visec_hf_003976.npy,0257814dd3fd5f45e819d327198568b33e44adf4b9af9cdf91b5351f25aaa8c4,768,float32,1.00000000,ok,
visec_hf_003977,3977,0,angry,south,631679b54ff127313d3520305815c7bbd63e3d3300297c51e8fe43ab9eca64ae,wav2vec2_embedding,b4_features_v1,86bde51fa76dd7f2c4c1bb28d7475d622639f869,data/interim/features/b4_features_v1/wav2vec2_chunk_o003584_n000256/wav2vec2_embedding/visec_hf_003977.npy,ac9d9ee973e5d6f5c2a1fac68f12ca6bf3f4f8d4a62df8c261dae0db85dc5fc5,768,float32,1.00000000,ok,
visec_hf_003978,3978,0,happy,south,8579a45700d82d0494ce651e142dc0263540bf1a3ba222f033832b4eb50f7b6a,wav2vec2_embedding,b4_features_v1,86bde51fa76dd7f2c4c1bb28d7475d622639f869,data/interim/features/b4_features_v1/wav2vec2_chunk_o003584_n000256/wav2vec2_embedding/visec_hf_003978.npy,268f11a74dd840a6ae369eeb8704ea1a7cd6ec14e1cb576cfc96400288932724,768,float32,1.00000000,ok,
visec_hf_003979,3979,0,angry,south,477960243acb76827033b2158b4445a1d6a2238055a6b84a209a8d5c491973a5,wav2vec2_embedding,b4_features_v1,86bde51fa76dd7f2c4c1bb28d7475d622639f869,data/interim/features/b4_features_v1/wav2vec2_chunk_o003584_n000256/wav2vec2_embedding/visec_hf_003979.npy,372bf3c4e026eec7d5980c3db2687ace770855be17152ff5eaa0fb33bab753f1,768,float32,1.00000000,ok,
visec_hf_003981,3981,0,neutral,south,bb178992661e531336e0dad73bb462446eb8a6aefc423e9aa3501a09bde48df4,wav2vec2_embedding,b4_features_v1,86bde51fa76dd7f2c4c1bb28d7475d622639f869,data/interim/features/b4_features_v1/wav2vec2_chunk_o003584_n000256/wav2vec2_embedding/visec_hf_003981.npy,a7a4c1c15a1592a6e19881070b27f142c6f20b7c5760176d936114174d66dc22,768,float32,1.00000000,ok,
visec_hf_003982,3982,19,angry,north,ad45b5895d718bd2e58a75703a46c1874519bb33a8fdb0f00d3eeebb4dbdee79,wav2vec2_embedding,b4_features_v1,86bde51fa76dd7f2c4c1bb28d7475d622639f869,data/interim/features/b4_features_v1/wav2vec2_chunk_o003584_n000256/wav2vec2_embedding/visec_hf_003982.npy,53e44f1a7b4af9893a4f01b295526e91c989dcddf93bfcd54e9519bd324438fd,768,float32,1.00000000,ok,
visec_hf_003983,3983,0,angry,south,2223aa63af1a12dfa6fb0470187b9945f9aa2ea18c0214de4ee95ef0dedf2172,wav2vec2_embedding,b4_features_v1,86bde51fa76dd7f2c4c1bb28d7475d622639f869,data/interim/features/b4_features_v1/wav2vec2_chunk_o003584_n000256/wav2vec2_embedding/visec_hf_003983.npy,02dd282c6b500efbd1b942cdd3508a4e1cd32cd771598fe1e11005d6182e018a,768,float32,1.00000000,ok,
visec_hf_003984,3984,0,angry,south,f026bc9e19c26bcb4c60b265ade0c21cdfd3e2e825ef67e0e421ea960aa53769,wav2vec2_embedding,b4_features_v1,86bde51fa76dd7f2c4c1bb28d7475d622639f869,data/interim/features/b4_features_v1/wav2vec2_chunk_o003584_n000256/wav2vec2_embedding/visec_hf_003984.npy,d9b131c0dace49a5bd21faffa4c4360fbd1073b66285ee7cf09690266092dca7,768,float32,1.00000000,ok,
visec_hf_003985,3985,2,neutral,south,8452c4cb273afa3e1b1fea9f2e3de809031b4acad301aa6eb61f2d1fffbefda4,wav2vec2_embedding,b4_features_v1,86bde51fa76dd7f2c4c1bb28d7475d622639f869,data/interim/features/b4_features_v1/wav2vec2_chunk_o003584_n000256/wav2vec2_embedding/visec_hf_003985.npy,d2750aaa76a97b27a40bc40b50387e31a1aef96754671c97cb9da2af775d900b,768,float32,1.00000000,ok,
visec_hf_003986,3986,0,sad,south,7df141133eb058c0bc2c38cda49f8a87123c74edff7c73d8e3207eb50538e5ed,wav2vec2_embedding,b4_features_v1,86bde51fa76dd7f2c4c1bb28d7475d622639f869,data/interim/features/b4_features_v1/wav2vec2_chunk_o003584_n000256/wav2vec2_embedding/visec_hf_003986.npy,ef34dc9d329a3b3633d1b927d2a5a2a72b014606f77c242004adcaabfe660116,768,float32,1.00000000,ok,
visec_hf_003987,3987,6,neutral,central,17d3856a72fdf6e32413237042ecdca8d093d1b4c4a8b71603a24a09262edf5d,wav2vec2_embedding,b4_features_v1,86bde51fa76dd7f2c4c1bb28d7475d622639f869,data/interim/features/b4_features_v1/wav2vec2_chunk_o003584_n000256/wav2vec2_embedding/visec_hf_003987.npy,cde9762fb03fa1f3eebcae1dbec5932e070a6b1e5d6a05c8aea66be329990a5b,768,float32,1.00000000,ok,
visec_hf_003988,3988,0,angry,south,3e66cfb93027c050dc8806d04566ca2217f7631aba93527ddf5db470491332e0,wav2vec2_embedding,b4_features_v1,86bde51fa76dd7f2c4c1bb28d7475d622639f869,data/interim/features/b4_features_v1/wav2vec2_chunk_o003584_n000256/wav2vec2_embedding/visec_hf_003988.npy,6ab579fde8c55c9fadf8248d175f64d406d17bb91989b87dbfff404fcbb7f5a4,768,float32,1.00000000,ok,
visec_hf_003989,3989,15,neutral,south,f9ac63642f4d6e7ed77501df4777b3175db4e158d1e11ad04fcbfc45145c9800,wav2vec2_embedding,b4_features_v1,86bde51fa76dd7f2c4c1bb28d7475d622639f869,data/interim/features/b4_features_v1/wav2vec2_chunk_o003584_n000256/wav2vec2_embedding/visec_hf_003989.npy,7da4a2aea8a3c0d99ecf29eaaad599f02bfe186f9274a2cd1ed56ca03c1f06b8,768,float32,1.00000000,ok,
visec_hf_003990,3990,15,neutral,south,b21d4850299c663bf640d40f4cf082f1cf935ace77184d2be7c1eb4a744953d2,wav2vec2_embedding,b4_features_v1,86bde51fa76dd7f2c4c1bb28d7475d622639f869,data/interim/features/b4_features_v1/wav2vec2_chunk_o003584_n000256/wav2vec2_embedding/visec_hf_003990.npy,cdab3012d7991b2ff2b1e01eeea3aac237ab8628f8bb826fb72268401ac50529,768,float32,1.00000000,ok,
visec_hf_003991,3991,0,happy,south,bf8b11d114ad1135f396c68a7bc64d39cc5f510c1c6f5dde2d62c534497a2f3d,wav2vec2_embedding,b4_features_v1,86bde51fa76dd7f2c4c1bb28d7475d622639f869,data/interim/features/b4_features_v1/wav2vec2_chunk_o003584_n000256/wav2vec2_embedding/visec_hf_003991.npy,0905ed67b1e74502c38592f9c07eab72d174f452d6059770c302c8008e37ca5d,768,float32,1.00000000,ok,
visec_hf_003992,3992,0,happy,south,ee3d9714bab07c1c783aee70ea8dd1ba1abe850a5eeee1a319faf24b1c616df3,wav2vec2_embedding,b4_features_v1,86bde51fa76dd7f2c4c1bb28d7475d622639f869,data/interim/features/b4_features_v1/wav2vec2_chunk_o003584_n000256/wav2vec2_embedding/visec_hf_003992.npy,79fc177756ecddd972c4b373fdce44c7a48e0c6a64a75397b67530e9ee381c2b,768,float32,1.00000000,ok,
visec_hf_003993,3993,3,neutral,north,940b81201692038185b914b1b3116bcc13f2547dc9d971085adecf0e19f0f167,wav2vec2_embedding,b4_features_v1,86bde51fa76dd7f2c4c1bb28d7475d622639f869,data/interim/features/b4_features_v1/wav2vec2_chunk_o003584_n000256/wav2vec2_embedding/visec_hf_003993.npy,b06f1dc0937385f18360676f83bb40c20905005b1ba445677e6f6f711907d308,768,float32,1.00000000,ok,
visec_hf_003994,3994,91,neutral,north,5ff2e0bebd70e3eafa9464d8c74ef2dbe968bbe1272334c2e232a4cb709a7f63,wav2vec2_embedding,b4_features_v1,86bde51fa76dd7f2c4c1bb28d7475d622639f869,data/interim/features/b4_features_v1/wav2vec2_chunk_o003584_n000256/wav2vec2_embedding/visec_hf_003994.npy,d7eb05a3f4b6e51789d3538d3683b16d3c8377d55a3af3efedbc34d4123dcceb,768,float32,1.00000000,ok,
visec_hf_003995,3995,0,happy,south,58923e0611bd0870fc8f09136559fbd75e2c6252a3cbefd816a23f67a4011967,wav2vec2_embedding,b4_features_v1,86bde51fa76dd7f2c4c1bb28d7475d622639f869,data/interim/features/b4_features_v1/wav2vec2_chunk_o003584_n000256/wav2vec2_embedding/visec_hf_003995.npy,503dc0b62ed8f1b11957f74246ba0310723cf59a692d71257b189788145b40fe,768,float32,1.00000000,ok,
visec_hf_003996,3996,0,sad,south,db29397c910bf7ac0c18cd5ebe00357d720d9eab4ab670cd54be8e4e75f550f5,wav2vec2_embedding,b4_features_v1,86bde51fa76dd7f2c4c1bb28d7475d622639f869,data/interim/features/b4_features_v1/wav2vec2_chunk_o003584_n000256/wav2vec2_embedding/visec_hf_003996.npy,509e60f5b9602df92c2b7942fa6c3a3405cfde0da1355d5cade4a32db5004be9,768,float32,1.00000000,ok,
visec_hf_003997,3997,3,sad,north,c0405e5ddf705b36053fffe3e68f4f716c5a10d7dabd7c1f2387e91b0f746991,wav2vec2_embedding,b4_features_v1,86bde51fa76dd7f2c4c1bb28d7475d622639f869,data/interim/features/b4_features_v1/wav2vec2_chunk_o003584_n000256/wav2vec2_embedding/visec_hf_003997.npy,b09871f0fc4127f9095da1fb42848aad36408433afaf2627dbacf635f719615b,768,float32,1.00000000,ok,
