duplicate_content_group,audio_sha256,sample_id,source_row_index,audio_path_raw,speaker_id,accent,emotion,emotion_id,gender,metadata_conflict,conflicting_fields
dup_0021,15c25e0aba2c8ce89151c36849add9b1e156aa436d428d949234db80151394ed,visec_hf_000028,28,00028.wav,15,south,happy,0,male,False,
dup_0044,2dded39de3e7afc40b1a3580c07a772da50a1c5e66b0cdc4d4ffa5514d2f8ebc,visec_hf_000030,30,00030.wav,15,south,sad,2,male,False,
dup_0014,0f20a1941f55b69a62348abd0e8581c79bb9a69ff76810f7dd2a41758b94469c,visec_hf_000049,49,00049.wav,21,south,happy,0,male,False,
dup_0143,7b6b4677eb283a849c2bab75c05132272c158ee785f62457da21d7be7442fe6d,visec_hf_000060,60,00060.wav,12,north,happy,0,male,False,
dup_0112,6509f22e6de7e2a7e618265d9f9737a951db9c6a56f8ca3904aa3b626d341a43,visec_hf_000064,64,00064.wav,15,south,happy,0,male,False,
dup_0174,924bbbd0428a93df0d13e9c0c0b4156f749e10d6339cc31c3d0f940f860ae77e,visec_hf_000066,66,00066.wav,25,north,happy,0,male,False,
dup_0027,1bfb7c99a6f82d9f57f2940ebcf00e0a0cc0a825d593c6243a1b30e670c2e82b,visec_hf_000067,67,00067.wav,26,north,happy,0,male,False,
dup_0141,76a894d3749b276403d7088666116e03b20fe433d126301eddc564f10fcedda3,visec_hf_000091,91,00091.wav,33,central,happy,0,female,False,
dup_0199,a8610d0c9b208718f826bf6c3271e4fcd8a5ff50127575f47deb14d6928c8729,visec_hf_000095,95,00095.wav,15,south,happy,0,male,False,
dup_0080,4fdfcf0979b0bfe9db2124f32ff7f60461863f830b249f62814b067deb3a0125,visec_hf_000101,101,00101.wav,25,north,sad,2,male,True,emotion;emotion_id;speaker_id
dup_0247,de96d3eb6cec38f9a2a6e3d3a6863abe52760da8d4e59b016ba99a519496c605,visec_hf_000107,107,00107.wav,6,central,happy,0,female,False,
dup_0195,a3907430fc2cbce4115c5046c682d1c7539ac296d0ac47be0e1739ff161f988c,visec_hf_000113,113,00113.wav,15,south,happy,0,male,False,
dup_0035,282a00ab0cf63fc53bb0495ae78d0183465b096a66815cbb72137a12612a9067,visec_hf_000120,120,00120.wav,6,central,happy,0,female,False,
dup_0227,c88acf2340761020b389d1658a00cefeb2fb968e6cda0303b287d6eb5d61fa8c,visec_hf_000130,130,00130.wav,40,north,happy,0,female,False,
dup_0160,89983b341caa3d68d7ee33342808dcce6de5f63833f15b13fbdc39716de06159,visec_hf_000138,138,00138.wav,41,north,happy,0,male,False,
dup_0228,c8b0ee8bcf9e68a7d8db2bcf2bb480eba2062638c29a28249274e358c109565e,visec_hf_000141,141,00141.wav,29,north,happy,0,female,False,
dup_0133,70fb5afcf38657435b45cf4b5f0ff0d0c43d3db5e5f1155ba81f91f270d86797,visec_hf_000142,142,00142.wav,42,south,happy,0,female,False,
dup_0120,69de6043f8b332e3978b64ebbe79e5ed9c2044cb7bd3f6281cc616270cc20a2b,visec_hf_000145,145,00145.wav,45,south,happy,0,female,False,
dup_0009,0cd3ad5ff3a4711fd94ef0b7ea9da97b336b75f421c82e9fd30d164a6168598a,visec_hf_000154,154,00154.wav,14,north,happy,0,male,False,
dup_0051,3b68ce8c8d7f90b305762df4ce2cd333f32a0bc80e412982c921ada952800800,visec_hf_000156,156,00156.wav,19,north,happy,0,female,False,
dup_0182,95e09f5b8d8fe2761dcf95fef3e2de6185d0a3ac39bceea5ebf956e81b205270,visec_hf_000169,169,00169.wav,38,south,happy,0,male,False,
dup_0275,fb9d0a530a5d74885e0293e3d0186d4d0b03949c66818f728603ab7366234fdf,visec_hf_000179,179,00179.wav,52,north,happy,0,female,False,
dup_0060,41480bac7744b88909d986845d3ce3eddd243ab29214a038365d36d49406a0c1,visec_hf_000195,195,00195.wav,14,north,happy,0,male,False,
dup_0015,0f6d65fee9f57e5c3ea435c000aad42759f642bc5c2e88f633de4df754b5de4c,visec_hf_000201,201,00201.wav,6,central,happy,0,female,False,
dup_0071,4930d9ed91eefe9fd9c02e63149dfb20b5cbea673490d94ae8129d53743c7d41,visec_hf_000204,204,00204.wav,14,north,happy,0,male,False,
dup_0129,6d8e77b48ebccd83c8e25635ea2b8fa3f13476a5ee63edc2e2f242a7a130248a,visec_hf_000205,205,00205.wav,15,south,happy,0,male,False,
dup_0189,9e6ca2c2513e32493cbd173ad6a601f258f92d543d1cd3ff120a952464e1d4e7,visec_hf_000210,210,00210.wav,54,north,sad,2,female,False,
dup_0106,60aa7ccd0973eb961429f1f9d1d2cb73029dcc0046cd5d3659e1bc864828011f,visec_hf_000223,223,00223.wav,6,central,happy,0,female,False,
dup_0054,3c3fed5e278165350f5774e5342773abad1db91800b58be5c5b0bd4954047e53,visec_hf_000246,246,00246.wav,12,north,happy,0,male,False,
dup_0159,8990f11a7cd756684a96570a59e62ee82130bb50969195a47dcbcf13a3b66642,visec_hf_000270,270,00270.wav,54,north,sad,2,female,False,
dup_0228,c8b0ee8bcf9e68a7d8db2bcf2bb480eba2062638c29a28249274e358c109565e,visec_hf_000272,272,00272.wav,29,north,happy,0,female,False,
dup_0009,0cd3ad5ff3a4711fd94ef0b7ea9da97b336b75f421c82e9fd30d164a6168598a,visec_hf_000276,276,00276.wav,14,north,happy,0,male,False,
dup_0243,d9eac868b90ba32db87288ba38b65bd946e5e0aed886461717dab149c08d31ae,visec_hf_000286,286,00286.wav,68,south,happy,0,female,False,
dup_0249,e25326024a2a58eb08421c51d700c73ae96729f8c5abb3e2a3f7e2e29391872c,visec_hf_000287,287,00287.wav,60,north,happy,0,female,False,
dup_0019,13d909caa1d892346eec3e6f9af6d000408e45639ed71daec2ad75afd93a7120,visec_hf_000289,289,00289.wav,19,north,happy,0,female,False,
dup_0232,ce59e05ece8c1cdb8f5c9a7afa83477c452ee6d67933e79d75c3335c2d035799,visec_hf_000304,304,00304.wav,14,north,happy,0,male,False,
dup_0023,186e6e1551b1071c0c3a9b46eaf0faa47fea7ef6715c241ed0f5e60a61f9c2e2,visec_hf_000326,326,00326.wav,72,central,happy,0,male,False,
dup_0086,52006135803c914ed41296b6982b51a42205d08ee896531625a46640f8f869b8,visec_hf_000335,335,00335.wav,73,north,happy,0,female,False,
dup_0004,073a243da57d585fa4be461f4d29802e02c460560a9e06db50fbecd2e92ec02e,visec_hf_000340,340,00340.wav,12,north,happy,0,male,False,
dup_0253,e4f04a8f849b325b2effcfe19c0b2b3dda064c743a4320bf11621c2a4728242d,visec_hf_000375,375,00375.wav,57,north,happy,0,male,False,
dup_0128,6d26f020ac746fe6bf98aae1e35c7f4c5cf25244fe4e67fcda315c7ba2d228a8,visec_hf_000389,389,00389.wav,38,south,happy,0,male,False,
dup_0212,b263d24174013345f99238d89bf055b661241ef05d96fe7128ae6895e950ae50,visec_hf_000391,391,00391.wav,15,south,happy,0,male,False,
dup_0144,7e568675e669bbe79353be54eb1f113a5e96d92759ff36a4448a7d221b789dc1,visec_hf_000393,393,00393.wav,15,south,happy,0,male,False,
dup_0115,6718e0fc35199047fed2e75ff0a00713c803aac3551cfcb159af007b1a7ba5df,visec_hf_000421,421,00421.wav,60,north,happy,0,female,False,
dup_0150,8547cf3737971d6e9a090c4dc84693e444f0039d9b3d349ddcd537fbc65307d6,visec_hf_000423,423,00423.wav,38,south,happy,0,male,False,
dup_0071,4930d9ed91eefe9fd9c02e63149dfb20b5cbea673490d94ae8129d53743c7d41,visec_hf_000427,427,00427.wav,14,north,happy,0,male,False,
dup_0072,4939e67a578c5ee6498a5e35e886d2aa1650c289caa110454b1c3cb309731e86,visec_hf_000430,430,00430.wav,12,north,happy,0,male,False,
dup_0168,902806d7fd89116a26a36afee13b35b6a4f3982c39ac4cbd099937f69ec33253,visec_hf_000436,436,00436.wav,44,south,happy,0,female,False,
dup_0005,0900dfe213297176ee362b41c1dcf8c68736dc369be41f989447f07b1d505805,visec_hf_000451,451,00451.wav,15,south,happy,0,male,False,
dup_0127,6bae75b9e6d39f8ea46e014840d43827d11f3b14575e1c226bea5d6f7e4ac68c,visec_hf_000469,469,00469.wav,6,central,happy,0,female,False,
dup_0064,424ceb55a95ad6717cbe7d5f3c61a73b507aecb52f53de2bff9e7d6ba8553812,visec_hf_000488,488,00488.wav,15,south,happy,0,male,False,
dup_0248,e1b0738e7a3d5990f1515c3c4957e5d9adffb74ae0541c0345dd09336bdbd3bb,visec_hf_000489,489,00489.wav,87,north,happy,0,male,False,
dup_0107,615862a0f78cf9c6b3415b376644d03808d10df266819a53982f4d205b06ceb5,visec_hf_000494,494,00494.wav,33,central,happy,0,female,False,
dup_0067,45a9043d315a04ef9492883c77363ce7a5c27cc19b4ab2750b512276d6ebd8aa,visec_hf_000505,505,00505.wav,57,north,happy,0,male,False,
dup_0030,1d4f9fbe7114de0194b3ed3e8f19d8bcd771eaa74988f9c45833ea06a5263980,visec_hf_000513,513,00513.wav,72,central,happy,0,male,False,
dup_0039,2a2e5c5a0a6a14cafd7e338e79c014c007a4e1d721f5ff3871fe7f0a754f8970,visec_hf_000519,519,00519.wav,72,central,happy,0,male,False,
dup_0095,56c75791b6a2e9ea8662abc41053c711e61f6ee72aeda64a78784cde654b62b1,visec_hf_000524,524,00524.wav,73,north,happy,0,female,False,
dup_0233,cff1ad1da6bc8ddfb23093818f66f2cc20cca919b829bfaade4e54844c5fd6de,visec_hf_000526,526,00526.wav,41,north,happy,0,male,False,
dup_0191,a0d5b33f75753a398458c4f294bb17c5447c2b3218264a828166f5b717ba49ce,visec_hf_000529,529,00529.wav,6,central,happy,0,female,False,
dup_0023,186e6e1551b1071c0c3a9b46eaf0faa47fea7ef6715c241ed0f5e60a61f9c2e2,visec_hf_000539,539,00539.wav,72,central,happy,0,male,False,
dup_0080,4fdfcf0979b0bfe9db2124f32ff7f60461863f830b249f62814b067deb3a0125,visec_hf_000548,548,00548.wav,50,north,angry,3,male,True,emotion;emotion_id;speaker_id
dup_0178,93bc659b4b25b7ba4eb700d400fe1a587644a64200340bc894198900485d7545,visec_hf_000551,551,00551.wav,15,south,happy,0,male,False,
dup_0265,ee14e34ebd8db6ad8204f8cf6e9ba26b1aadb6f1b0403888c7c980210ae4b7e6,visec_hf_000574,574,00574.wav,38,south,happy,0,male,False,
dup_0216,b9baf9dfaec4fc1d220d208c26efd58964b3a0f15f442c6d0efb3a17aab06fa1,visec_hf_000577,577,00577.wav,6,central,happy,0,female,False,
dup_0086,52006135803c914ed41296b6982b51a42205d08ee896531625a46640f8f869b8,visec_hf_000583,583,00583.wav,73,north,happy,0,female,False,
dup_0082,50d4e7cfd2863561f3ed63f2ed17e4817fc2f1c1c8b4a0f8ccbd6fa39a31924d,visec_hf_000584,584,00584.wav,68,south,happy,0,female,False,
dup_0098,5adca6baeba36812370cada22f528069cd79f0409ab2c0998d3a30c85e4fdcd6,visec_hf_000595,595,00595.wav,92,central,happy,0,female,False,
dup_0097,572699faf25f965fac5943e256b09b51a9a92a4c6ec90aee7845262317897b71,visec_hf_000611,611,00611.wav,84,north,happy,0,male,False,
dup_0182,95e09f5b8d8fe2761dcf95fef3e2de6185d0a3ac39bceea5ebf956e81b205270,visec_hf_000641,641,00641.wav,38,south,happy,0,male,False,
dup_0235,d0ba8b629a69acbf4db9288fda937b5503ea3952c47c8cd590062d2f6b01cebf,visec_hf_000671,671,00671.wav,55,south,happy,0,female,False,
dup_0146,809ee8fc3b7f1fe51dfb160fdd3336ec71e498c0b66d8053d7b16ba41e05bdba,visec_hf_000674,674,00674.wav,6,central,happy,0,female,False,
dup_0209,b07832993d70c297db1682d8a0e10f9dac4c18d4048bbe152157020bbb414fe3,visec_hf_000680,680,00680.wav,77,north,happy,0,female,False,
dup_0111,6472e682e9333b7656cb0bcb498b7efc1284994bd755d4a8ae1ee7f7d851ed98,visec_hf_000696,696,00696.wav,15,south,happy,0,male,False,
dup_0172,91de4637a21a9b497d21830d096d3ae8f99605b3c1f56324f4c48a5701b0ab9a,visec_hf_000707,707,00707.wav,87,north,happy,0,male,False,
dup_0073,4a35190b53a30ae19fec28498b7b97d8e9be9257c562744e0dbd180008bd7e92,visec_hf_000717,717,00717.wav,15,south,happy,0,male,False,
dup_0043,2d3edbad3bf8d1c9e535b6203111298fa1fad63411013976c0d1062253ac3840,visec_hf_000740,740,00740.wav,3,north,happy,0,female,False,
dup_0213,b7635773dcf64c6bb6d676e9b85349a6b7a02f30083a44dba24baeb6782a14f9,visec_hf_000742,742,00742.wav,90,north,happy,0,male,False,
dup_0243,d9eac868b90ba32db87288ba38b65bd946e5e0aed886461717dab149c08d31ae,visec_hf_000747,747,00747.wav,68,south,happy,0,female,False,
dup_0129,6d8e77b48ebccd83c8e25635ea2b8fa3f13476a5ee63edc2e2f242a7a130248a,visec_hf_000751,751,00751.wav,15,south,happy,0,male,False,
dup_0187,9b1c687f1a6ea7150f6118c20485859b4bc9c4d7241db30d733c73392c8f9b71,visec_hf_000772,772,00772.wav,60,north,happy,0,female,False,
dup_0082,50d4e7cfd2863561f3ed63f2ed17e4817fc2f1c1c8b4a0f8ccbd6fa39a31924d,visec_hf_000774,774,00774.wav,68,south,happy,0,female,False,
dup_0037,28580662f31582b1295ba9ede987aa837f17356b116f5d24190738771c289371,visec_hf_000797,797,00797.wav,14,north,happy,0,male,False,
dup_0057,402a87cb1b17205a6b99065ebaba59e346ecdf16effdb2dfd234baa050856a46,visec_hf_000835,835,00835.wav,99,south,happy,0,male,False,
dup_0178,93bc659b4b25b7ba4eb700d400fe1a587644a64200340bc894198900485d7545,visec_hf_000843,843,00843.wav,15,south,happy,0,male,False,
dup_0171,919e274bfa996e044862656ccb6a7e20f8ecc95fbb87bdcdfc939f589cd1ac3f,visec_hf_000845,845,00845.wav,44,south,happy,0,female,False,
dup_0103,5f197e982686eedfd19c513f0cc42ff4f6cd5cead075407fbadd1fede7e7f266,visec_hf_000846,846,00846.wav,1,south,sad,2,male,False,
dup_0109,63933f3565b7ec5ea613dd66411431b78eccbbc764d5c008a6490e5195892af8,visec_hf_000854,854,00854.wav,108,north,happy,0,female,False,
dup_0221,c02441f6c34540ac471bd491699f8c733d3ab29173ca364b8eac78e37bfd24e6,visec_hf_000856,856,00856.wav,3,north,happy,0,female,False,
dup_0216,b9baf9dfaec4fc1d220d208c26efd58964b3a0f15f442c6d0efb3a17aab06fa1,visec_hf_000862,862,00862.wav,6,central,happy,0,female,False,
dup_0024,1a51861d193ee04bf76138946965e506553e8f1fe05e0d7fa8032188ddf28d6c,visec_hf_000877,877,00877.wav,15,south,neutral,1,male,True,emotion;emotion_id
dup_0092,5414784fae9f6267dcee4db68073bcd7058627d4f7c29754e791c951ab37ba1a,visec_hf_000879,879,00879.wav,29,north,happy,0,female,False,
dup_0212,b263d24174013345f99238d89bf055b661241ef05d96fe7128ae6895e950ae50,visec_hf_000900,900,00900.wav,15,south,happy,0,male,False,
dup_0110,6433c05b0a6697770b5d2ebcfb38cf353f680a869d3328e94f73927be3c5d31e,visec_hf_000906,906,00906.wav,12,north,happy,0,male,False,
dup_0255,e6b41cd6996e3068eda816d64e81d5094a837a22d27f807bec209de1fc2f1486,visec_hf_000930,930,00930.wav,32,south,happy,0,female,False,
dup_0207,ae961ba1fb98e882117aaa99ad4fea4d00be5cac215007b0a0ca45c1388b4299,visec_hf_000948,948,00948.wav,15,south,happy,0,male,False,
dup_0151,857d023e42b1686205bf8883bfe19ac32dabe56f0092561237957e2f8451693d,visec_hf_000990,990,00990.wav,95,north,happy,0,male,False,
dup_0031,1eaf92b198b552a3cec1a84b61ef5e41f13249264b126fb6c742573be630baee,visec_hf_000994,994,00994.wav,29,north,happy,0,female,False,
dup_0069,47c241b5c8b1a11221920ef821f5f2929bb3a40a425658575d1781deaff37b8c,visec_hf_001006,1006,01006.wav,66,north,happy,0,male,False,
dup_0029,1ce1c76db72b1e8dbc364e1949ce334a2fca913f34e16fb0d0e67bc9c69063cf,visec_hf_001043,1043,01043.wav,38,south,happy,0,male,False,
dup_0006,0922753e15009197722c249c031e312ce1150d55379dce547ac4bf1a4c724b6d,visec_hf_001056,1056,01056.wav,25,north,happy,0,male,False,
dup_0138,74f9a92c24f7924751bc9949295310f431fc85fdb815de862f82b06b95c81c83,visec_hf_001066,1066,01066.wav,87,north,happy,0,male,False,
dup_0232,ce59e05ece8c1cdb8f5c9a7afa83477c452ee6d67933e79d75c3335c2d035799,visec_hf_001076,1076,01076.wav,14,north,happy,0,male,False,
dup_0026,1bca7fd2d99118366ef5d0acec516debb4421a473ee29d07454b91c14f9adcb6,visec_hf_001080,1080,01080.wav,51,south,happy,0,female,False,
dup_0119,69cb1562b979cccea3212dfbe3df52fba394ab912f6c80729248bf58ee501e46,visec_hf_001082,1082,01082.wav,25,north,happy,0,male,False,
dup_0161,8bfff1776ad0a4775334d2d4adf4be2a7b06ecee5b03d9add058986d67ec10d0,visec_hf_001089,1089,01089.wav,3,north,happy,0,female,False,
dup_0211,b180e8a939216587b124506e13676b8eca125943588e5646deb4ee2244b8cb9e,visec_hf_001096,1096,01096.wav,38,south,happy,0,male,False,
dup_0055,3d701f0b63b3721a270ac542163566ff60f05a7d01910a7fbd5e5e19bfd53034,visec_hf_001107,1107,01107.wav,6,central,happy,0,female,False,
dup_0003,061f903ebe42919b175006446e5e3841cb25e9e6ffffd89d5e2352c3b0f0faf8,visec_hf_001108,1108,01108.wav,15,south,happy,0,male,False,
dup_0103,5f197e982686eedfd19c513f0cc42ff4f6cd5cead075407fbadd1fede7e7f266,visec_hf_001114,1114,01114.wav,1,south,sad,2,male,False,
dup_0117,67f7a599164f35a1634b642046c064f9a60968cf8657f62123f7b877bfd8ef9b,visec_hf_001119,1119,01119.wav,12,north,happy,0,male,False,
dup_0022,171e7bb915391bf2e11215da45791d9a638ba44a6e9a44adf286fc4cbae2d7e7,visec_hf_001122,1122,01122.wav,12,north,happy,0,male,False,
dup_0230,cd3fa668d0d0ccf24d17dde082217313fdf7e10dd5da2383eae670a19dbf5022,visec_hf_001127,1127,01127.wav,64,south,happy,0,male,False,
dup_0239,d2d2e4edeeb64a96066bb7559876a1c29c243f1f2dca1819cb0d10172989ed1d,visec_hf_001128,1128,01128.wav,82,south,sad,2,male,True,speaker_id
dup_0105,5fd9c3e27d73292885a714513de119e5534601f164b770e1874d11708cfcb86c,visec_hf_001136,1136,01136.wav,25,north,happy,0,male,False,
dup_0225,c4615f30550787ff0354115ae969c8eae546935991009a47a2d0bbbe245af8d8,visec_hf_001140,1140,01140.wav,87,north,happy,0,male,False,
dup_0176,9276fc57e18df2301716efae052f4d59520aa03fe2331e5cd678d830f629dad5,visec_hf_001142,1142,01142.wav,6,central,happy,0,female,False,
dup_0113,665c40f97b5e2195903e69e5f8b3add769bb18cceb759da63a4003f93cb4866e,visec_hf_001143,1143,01143.wav,6,central,happy,0,female,False,
dup_0132,6f8fd4a28064f0867a0a1a1409d3761cf622ff02febad617e000b44249189876,visec_hf_001147,1147,01147.wav,15,south,happy,0,male,False,
dup_0273,fb6bb6ec4174c9a60311f6887978fdf8aeac5da15403fcf02f1e4d3a689cac06,visec_hf_001161,1161,01161.wav,6,central,happy,0,female,False,
dup_0063,4241499440e19abb2f6729b6ff782d3a1f79c50063208ea0db845813bb5e3510,visec_hf_001170,1170,01170.wav,12,north,happy,0,male,False,
dup_0025,1b9f1069737b0ea5c7148ac7b3d36d1008d0e15f5cf95289698d46f594544fc1,visec_hf_001187,1187,01187.wav,57,north,happy,0,male,False,
dup_0013,0e9d32acc3d125b577118a333eee5f8986a74e7c64752b9117cf320213c49b72,visec_hf_001191,1191,01191.wav,15,south,happy,0,male,False,
dup_0248,e1b0738e7a3d5990f1515c3c4957e5d9adffb74ae0541c0345dd09336bdbd3bb,visec_hf_001195,1195,01195.wav,87,north,happy,0,male,False,
dup_0061,41b5247d8a8f749d36aebb06f318cef3ad856083191f8ce2f4002b46c7007286,visec_hf_001199,1199,01199.wav,6,central,happy,0,female,False,
dup_0223,c24946431a28484eba403a768497f6f9172758d49c81f722d2396831932e86db,visec_hf_001208,1208,01208.wav,39,south,happy,0,female,False,
dup_0094,5677aa707bf5ce27c41f2063948c65b042abe07e8023672985c8718d1f1e5a19,visec_hf_001253,1253,01253.wav,53,south,happy,0,female,False,
dup_0131,6f337c383d12436d9c568a3e1249f117c4601260e471b50d1e3934c7ba8f7cd2,visec_hf_001278,1278,01278.wav,39,south,happy,0,female,False,
dup_0060,41480bac7744b88909d986845d3ce3eddd243ab29214a038365d36d49406a0c1,visec_hf_001283,1283,01283.wav,14,north,happy,0,male,False,
dup_0053,3c28979994a1ba4f2d3accee07e2c6bf9dc06fb4ad6fbe23774e54301bb33a7c,visec_hf_001295,1295,01295.wav,46,north,happy,0,male,False,
dup_0271,fa2a0232f545b23af70fb67525c8a6ef993321d184ce29c022c0d872094ecfae,visec_hf_001312,1312,01312.wav,14,north,happy,0,male,False,
dup_0132,6f8fd4a28064f0867a0a1a1409d3761cf622ff02febad617e000b44249189876,visec_hf_001331,1331,01331.wav,15,south,happy,0,male,False,
dup_0265,ee14e34ebd8db6ad8204f8cf6e9ba26b1aadb6f1b0403888c7c980210ae4b7e6,visec_hf_001354,1354,01354.wav,38,south,happy,0,male,False,
dup_0065,435ee38410be7b15389cc33105bacdabddd2e00d6121312686bfc4f05071727e,visec_hf_001355,1355,01355.wav,116,central,happy,0,male,False,
dup_0062,41e3d324d65b1eadd154ec8b83f234264c8a7b5bd383e3a4dbcf40f6a1ac1c3c,visec_hf_001366,1366,01366.wav,27,north,happy,0,male,False,
dup_0041,2b97ae7645a720aefe2c804f8f8a529f01e039cc0d553ecb109b31c31b9d3ad6,visec_hf_001383,1383,01383.wav,4,south,happy,0,male,False,
dup_0097,572699faf25f965fac5943e256b09b51a9a92a4c6ec90aee7845262317897b71,visec_hf_001410,1410,01410.wav,84,north,happy,0,male,False,
dup_0259,ea7e7511b0e19d8e274a6f4c869024052983f5ac8424c19d7eaf3638cc023671,visec_hf_001420,1420,01420.wav,83,south,happy,0,female,False,
dup_0116,675890fa1af8e7f6f9921aacd8978ffa2f5bec28be05ef98c1755225cae409a1,visec_hf_001425,1425,01425.wav,6,central,happy,0,female,False,
dup_0215,b92bfc2952b674e7e92857aeab9cdf9153175cc2ebdcc662248178e209f572f3,visec_hf_001426,1426,01426.wav,14,north,happy,0,male,False,
dup_0058,407d05e313178a7db71a3d65610eb4daed154ba0bb3938342ab15e1b35bfd85c,visec_hf_001460,1460,01460.wav,52,north,happy,0,female,False,
dup_0068,4718f06e36b7ae964dabc6e28cde5cb37f5e9a324213d332b072a621e9572f09,visec_hf_001461,1461,01461.wav,54,north,happy,0,female,False,
dup_0163,8c54358252e8a1d35bafe4f22c3c01af3c879c94e034738681f50c4a4f8627f3,visec_hf_001463,1463,01463.wav,14,north,happy,0,male,False,
dup_0269,f795d3537469e1960f68a72d90bc52206dedc8a2adc9ff288bc5e2cab4b9f1f3,visec_hf_001488,1488,01488.wav,28,central,happy,0,male,False,
dup_0067,45a9043d315a04ef9492883c77363ce7a5c27cc19b4ab2750b512276d6ebd8aa,visec_hf_001505,1505,01505.wav,57,north,happy,0,male,False,
dup_0136,71ffb2046ede3bc840cf1ba97a1a72f85b71ad2faa393bf54be28015369f1d03,visec_hf_001515,1515,01515.wav,22,north,happy,0,female,False,
dup_0001,00b3683fc917de4d912bc54a7f10a31aa9b8652c6c09b53d75e82f0672d9750e,visec_hf_001520,1520,01520.wav,6,central,happy,0,female,False,
dup_0078,4f47791beadba0efe0c12ec291f67f893341aac89900248d03ee8aee405a543a,visec_hf_001522,1522,01522.wav,60,north,happy,0,female,False,
dup_0205,ac42be9b58250d08578c622eb473be39a7e6ef13624b78ec23350d0c8813eef0,visec_hf_001527,1527,01527.wav,29,north,happy,0,female,False,
dup_0161,8bfff1776ad0a4775334d2d4adf4be2a7b06ecee5b03d9add058986d67ec10d0,visec_hf_001530,1530,01530.wav,3,north,happy,0,female,False,
dup_0261,eb9074b072518fd916c3e7be839344d88ef4f2a3746bffeb6f6384a78300afb6,visec_hf_001534,1534,01534.wav,40,north,happy,0,female,False,
dup_0040,2b70445ff4d556a4cec5dac2a302a21c81f1811638d03b1ea5fda9987f38491b,visec_hf_001544,1544,01544.wav,6,central,happy,0,female,False,
dup_0145,7eb68b79bcfd8d9dc6d659f42558f70554a05c9d4c9d1d42f5a1eddc91121af3,visec_hf_001559,1559,01559.wav,16,north,happy,0,female,False,
dup_0135,71c5fd5029e553770ddba27f8cbf09fc448ac34e6fac84f0c56641caf73b9c88,visec_hf_001575,1575,01575.wav,99,south,happy,0,male,False,
dup_0076,4d27c503cff5df6412ae91f0ef34ae791b67e3307501b5266c0c94d128f54211,visec_hf_001583,1583,01583.wav,85,south,sad,2,male,False,
dup_0056,3e4690673ddbe484b335f7f2a82f9d5cfd23a068369414bae5be567dc832a485,visec_hf_001591,1591,01591.wav,14,north,happy,0,male,False,
dup_0220,bd21d2b081e6e448bdc4bec591c34c9e0501c0eee07afb7ec59c99eec3dbd85c,visec_hf_001593,1593,01593.wav,44,south,sad,2,female,False,
dup_0229,ca117e131ef3ffecdcafe81b1406ab2b2d6a9f44c22a7f723f347311ab5b689a,visec_hf_001596,1596,01596.wav,40,north,happy,0,female,False,
dup_0122,6abb341176358692722eb46fa00c7bbf916bd39d5c99013bca9752cd13336b6f,visec_hf_001601,1601,01601.wav,14,north,happy,0,male,False,
dup_0136,71ffb2046ede3bc840cf1ba97a1a72f85b71ad2faa393bf54be28015369f1d03,visec_hf_001617,1617,01617.wav,22,north,happy,0,female,False,
dup_0033,220bef2df9bbb673bc4ab90be31dd9004d83710672b84778e09b317470537ef3,visec_hf_001622,1622,01622.wav,6,central,happy,0,female,False,
dup_0002,0391ca4057cc8d733f1eb9edb731a0b632bd7a26ff3c23076ccf94834926066d,visec_hf_001627,1627,01627.wav,94,central,happy,0,male,False,
dup_0043,2d3edbad3bf8d1c9e535b6203111298fa1fad63411013976c0d1062253ac3840,visec_hf_001633,1633,01633.wav,3,north,happy,0,female,False,
dup_0147,81b514a68c98526782a0a729cabee3c8f816738e16d75eacfebaed02f5eb9577,visec_hf_001644,1644,01644.wav,6,central,happy,0,female,False,
dup_0154,86356af400eccdabef057eb247eb3e426452c14f8dc6e4d782e840f0fcc8109d,visec_hf_001656,1656,01656.wav,14,north,happy,0,male,False,
dup_0222,c09d5f32ce63fe1e95e36b4ff11634ed971c552fdc977795f8376c08d5e1ae6e,visec_hf_001665,1665,01665.wav,60,north,happy,0,female,False,
dup_0276,fbd2855e36a112a5a8d9150ac2c6a33a277a30ff847d99734d45b5560bd5dee5,visec_hf_001710,1710,01710.wav,15,south,happy,0,male,False,
dup_0162,8c2bbc3f53f17fe573da5e7378f020d16b226b764711ecdf353c7119038c022a,visec_hf_001726,1726,01726.wav,40,north,happy,0,female,False,
dup_0123,6aeec69c15aeee3899234a17b98e97c1f8c27228c07868bffd4b800d11d15d3c,visec_hf_001729,1729,01729.wav,87,north,happy,0,male,False,
dup_0185,9a91f822ba5d249dad9c00043166a781188d0219dffe6034b12300c79bb1284f,visec_hf_001731,1731,01731.wav,6,central,happy,0,female,False,
dup_0242,d9e731ea11f454e73f8feae04b6c008109ba4b014c5c0eea2921a8132cfd737f,visec_hf_001743,1743,01743.wav,116,central,happy,0,male,False,
dup_0251,e462589478829e777a64d4975f3acca3ed4e7a51e7b7ba678714d95a642989ee,visec_hf_001750,1750,01750.wav,15,south,happy,0,male,False,
dup_0177,9359e2c84c3a1cded425436d6056cda81b6cdc5d8f62cce1829afe3d67d5c898,visec_hf_001760,1760,01760.wav,12,north,sad,2,male,False,
dup_0121,6aaf4578da5d652120152bbc14508d634c1d1a5337f472cc0b80b00fc15100e3,visec_hf_001763,1763,01763.wav,22,north,happy,0,female,False,
dup_0066,44900f0cc2fa596ea83d1a2e19c6e179e17a87639f07bddeb940a780efb3d9b5,visec_hf_001769,1769,01769.wav,15,south,happy,0,male,False,
dup_0200,a914cf25ea80a351c499ded72caa023fd48737e14a5e86dda1cecc928e73924b,visec_hf_001770,1770,01770.wav,60,north,happy,0,female,False,
dup_0170,911944e7a9ae3a7069124f4506a793d68b43ab49a487f47e5a2d3427b0c366e9,visec_hf_001784,1784,01784.wav,56,south,happy,0,female,False,
dup_0211,b180e8a939216587b124506e13676b8eca125943588e5646deb4ee2244b8cb9e,visec_hf_001797,1797,01797.wav,38,south,happy,0,male,False,
dup_0206,ace736fdc1d335d961cfb0f60785656e5f249780781fc2c0940c2dccb56f3fe5,visec_hf_001798,1798,01798.wav,94,central,happy,0,male,False,
dup_0006,0922753e15009197722c249c031e312ce1150d55379dce547ac4bf1a4c724b6d,visec_hf_001805,1805,01805.wav,25,north,happy,0,male,False,
dup_0094,5677aa707bf5ce27c41f2063948c65b042abe07e8023672985c8718d1f1e5a19,visec_hf_001808,1808,01808.wav,53,south,happy,0,female,False,
dup_0205,ac42be9b58250d08578c622eb473be39a7e6ef13624b78ec23350d0c8813eef0,visec_hf_001827,1827,01827.wav,29,north,happy,0,female,False,
dup_0034,27ed83ea80a8efd22624f28fd9076f64e73cec8bca5b30dff3abcd124e2ee80e,visec_hf_001832,1832,01832.wav,12,north,happy,0,male,False,
dup_0024,1a51861d193ee04bf76138946965e506553e8f1fe05e0d7fa8032188ddf28d6c,visec_hf_001837,1837,01837.wav,15,south,sad,2,male,True,emotion;emotion_id
dup_0095,56c75791b6a2e9ea8662abc41053c711e61f6ee72aeda64a78784cde654b62b1,visec_hf_001843,1843,01843.wav,73,north,happy,0,female,False,
dup_0072,4939e67a578c5ee6498a5e35e886d2aa1650c289caa110454b1c3cb309731e86,visec_hf_001849,1849,01849.wav,12,north,happy,0,male,False,
dup_0113,665c40f97b5e2195903e69e5f8b3add769bb18cceb759da63a4003f93cb4866e,visec_hf_001877,1877,01877.wav,6,central,happy,0,female,False,
dup_0047,3429e989dec8066a271b3897ec307de2af15714bb05ddb82024a1047766b88f7,visec_hf_001885,1885,01885.wav,130,south,happy,0,male,False,
dup_0038,296c07e8d3a31bf56d1744406039e8d2611885af980d2e9987da96fd5e64f34f,visec_hf_001887,1887,01887.wav,53,south,happy,0,female,False,
dup_0264,ee141a028ff89d4463eaba0c086d7fb6b7e85838827e01e964ee49b6d59bb452,visec_hf_001894,1894,01894.wav,47,north,happy,0,female,False,
dup_0040,2b70445ff4d556a4cec5dac2a302a21c81f1811638d03b1ea5fda9987f38491b,visec_hf_001915,1915,01915.wav,6,central,happy,0,female,False,
dup_0075,4c61073f3e0bcef89f4643080813800ebbea13131c6ef9f5dd08fdd2c711a353,visec_hf_001924,1924,01924.wav,132,north,happy,0,male,False,
dup_0252,e4b946550d5664b85808f52811777fa746fcb58615751ffc7858e9605a02d549,visec_hf_001929,1929,01929.wav,2,south,happy,0,female,False,
dup_0091,53a26eb51e2a704126392377ef4aa019557fffd6397d33cc8a2143d44b579bb8,visec_hf_001931,1931,01931.wav,53,south,happy,0,female,False,
dup_0157,88acdf6e44c4db8d8d942781fbc04a5b3493fb6db47a91d04aed247f2c7d6017,visec_hf_001943,1943,01943.wav,101,central,happy,0,male,False,
dup_0114,669b25e4d90cf58d2116c90d0d5e9df948411bdd1192775ce0e0fc0226f23643,visec_hf_001958,1958,01958.wav,70,south,sad,2,male,True,speaker_id
dup_0169,906f36ac8b175f5587d3919e94a6adfe6b0b7a9d0419779334b10a7e7b5482dc,visec_hf_001962,1962,01962.wav,49,south,happy,0,female,False,
dup_0241,d6cba678104aa8d343781d723b71e6d607c3dee779f50a5d87a1836b02eef25d,visec_hf_001969,1969,01969.wav,29,north,happy,0,female,False,
dup_0239,d2d2e4edeeb64a96066bb7559876a1c29c243f1f2dca1819cb0d10172989ed1d,visec_hf_001976,1976,01976.wav,70,south,sad,2,male,True,speaker_id
dup_0175,924f7b27e94ae93fb0fe349fb0d7ac6febdf060d4243d66181d04b6187030fc0,visec_hf_001979,1979,01979.wav,52,north,happy,0,female,False,
dup_0102,5ea892d4d3b9dbe0bebee976db17a90413b314dc3c012ecfc9ecec0ac09050d4,visec_hf_001988,1988,01988.wav,50,north,happy,0,male,False,
dup_0116,675890fa1af8e7f6f9921aacd8978ffa2f5bec28be05ef98c1755225cae409a1,visec_hf_002002,2002,02002.wav,6,central,happy,0,female,False,
dup_0100,5bdec3a791d26c2ed1eb3c449d25a72ef1c4ad5629d035a6cfa6a1c15d03632e,visec_hf_002006,2006,02006.wav,40,north,happy,0,female,False,
dup_0218,bc66baca8eceaa7d54314dc64e35479262b7294fa163701348e56b1983a75da8,visec_hf_002029,2029,02029.wav,25,north,happy,0,male,False,
dup_0125,6b2ecdaefb27ebb563ae5c7b8f974067a034c72035045a05295162fa52a3c134,visec_hf_002046,2046,02046.wav,15,south,happy,0,male,False,
dup_0233,cff1ad1da6bc8ddfb23093818f66f2cc20cca919b829bfaade4e54844c5fd6de,visec_hf_002056,2056,02056.wav,41,north,happy,0,male,False,
dup_0197,a78dfa4ce50dd3c6af2e49ee19b2ae2838ab8926c730b460a79a103b34cc6030,visec_hf_002063,2063,02063.wav,12,north,happy,0,male,False,
dup_0150,8547cf3737971d6e9a090c4dc84693e444f0039d9b3d349ddcd537fbc65307d6,visec_hf_002067,2067,02067.wav,38,south,happy,0,male,False,
dup_0155,86843bea90de87f50c77a78a7972ebe6397e760ccd641d897cb375839ad2e0f2,visec_hf_002070,2070,02070.wav,26,north,happy,0,male,False,
dup_0008,0ac2330b454fdce1a06beb66c346fcda4108aaeedb7cfe5d9ae3bb783d34fb45,visec_hf_002082,2082,02082.wav,121,north,happy,0,female,False,
dup_0152,85c211716518faa3e82adefd60a059eed2c16a96f6aa45e8755fa75aff99f82f,visec_hf_002083,2083,02083.wav,29,north,happy,0,female,False,
dup_0273,fb6bb6ec4174c9a60311f6887978fdf8aeac5da15403fcf02f1e4d3a689cac06,visec_hf_002084,2084,02084.wav,6,central,happy,0,female,False,
dup_0147,81b514a68c98526782a0a729cabee3c8f816738e16d75eacfebaed02f5eb9577,visec_hf_002115,2115,02115.wav,6,central,happy,0,female,False,
dup_0162,8c2bbc3f53f17fe573da5e7378f020d16b226b764711ecdf353c7119038c022a,visec_hf_002142,2142,02142.wav,40,north,happy,0,female,False,
dup_0088,5281118502595c260764425f84822087980752f796c07130d9c9c4018c8e76b1,visec_hf_002144,2144,02144.wav,38,south,happy,0,male,False,
dup_0241,d6cba678104aa8d343781d723b71e6d607c3dee779f50a5d87a1836b02eef25d,visec_hf_002146,2146,02146.wav,29,north,happy,0,female,False,
dup_0077,4ef4839887c81ed017585381f308eda1187679a7186c07dca97049d663da8a26,visec_hf_002160,2160,02160.wav,32,south,sad,2,female,False,
dup_0142,78c534277c30766eaeb63220472bf19aa835438fc2a5f4f6e8ae266e7dc1e12c,visec_hf_002166,2166,02166.wav,99,south,happy,0,male,False,
dup_0017,11bf847974c8fbc09b96e986505d9f9ef6dfb9747cbcb90d9cb939c0910eff44,visec_hf_002169,2169,02169.wav,25,north,happy,0,male,False,
dup_0249,e25326024a2a58eb08421c51d700c73ae96729f8c5abb3e2a3f7e2e29391872c,visec_hf_002172,2172,02172.wav,60,north,happy,0,female,False,
dup_0041,2b97ae7645a720aefe2c804f8f8a529f01e039cc0d553ecb109b31c31b9d3ad6,visec_hf_002200,2200,02200.wav,4,south,happy,0,male,False,
dup_0227,c88acf2340761020b389d1658a00cefeb2fb968e6cda0303b287d6eb5d61fa8c,visec_hf_002216,2216,02216.wav,40,north,happy,0,female,False,
dup_0112,6509f22e6de7e2a7e618265d9f9737a951db9c6a56f8ca3904aa3b626d341a43,visec_hf_002217,2217,02217.wav,15,south,happy,0,male,False,
dup_0152,85c211716518faa3e82adefd60a059eed2c16a96f6aa45e8755fa75aff99f82f,visec_hf_002231,2231,02231.wav,29,north,happy,0,female,False,
dup_0001,00b3683fc917de4d912bc54a7f10a31aa9b8652c6c09b53d75e82f0672d9750e,visec_hf_002237,2237,02237.wav,6,central,happy,0,female,False,
dup_0256,e8011e5b52c40432021663277da28abd0fb1e5c3daa8c1bdb70be0eb795086da,visec_hf_002240,2240,02240.wav,39,south,happy,0,female,False,
dup_0081,50753368765993b3e636d7dea98d2123eb201893020865aa4c5726f8857966bc,visec_hf_002274,2274,02274.wav,15,south,happy,0,male,False,
dup_0069,47c241b5c8b1a11221920ef821f5f2929bb3a40a425658575d1781deaff37b8c,visec_hf_002292,2292,02292.wav,66,north,happy,0,male,False,
dup_0210,b082405f298706bcfb5edd95dd9252bdc8be6a12d8df022679f42dfd77edc3e6,visec_hf_002297,2297,02297.wav,70,south,sad,2,male,True,speaker_id
dup_0099,5b14723835e36676e7f93915698aa3cdc0ba828646a693b0dd5b636d2f28874f,visec_hf_002318,2318,02318.wav,52,north,happy,0,female,False,
dup_0092,5414784fae9f6267dcee4db68073bcd7058627d4f7c29754e791c951ab37ba1a,visec_hf_002326,2326,02326.wav,29,north,happy,0,female,False,
dup_0090,539452c2b7f61239fceb372e0a57456141a2b8bd1d93d9dfe2e8763ad90f8c0b,visec_hf_002330,2330,02330.wav,27,north,happy,0,male,False,
dup_0140,76897b10534b535dd79456e179568f1f1cd2ea3c1f7efefac0d9ab1e0277412c,visec_hf_002337,2337,02337.wav,65,central,happy,0,female,False,
dup_0063,4241499440e19abb2f6729b6ff782d3a1f79c50063208ea0db845813bb5e3510,visec_hf_002344,2344,02344.wav,12,north,happy,0,male,False,
dup_0225,c4615f30550787ff0354115ae969c8eae546935991009a47a2d0bbbe245af8d8,visec_hf_002348,2348,02348.wav,87,north,happy,0,male,False,
dup_0194,a3726620bcfd463ecc7975cf351bb507e57d1d525599584479220d6f0faf9ec8,visec_hf_002368,2368,02368.wav,42,south,happy,0,female,False,
dup_0229,ca117e131ef3ffecdcafe81b1406ab2b2d6a9f44c22a7f723f347311ab5b689a,visec_hf_002382,2382,02382.wav,40,north,happy,0,female,False,
dup_0270,f951c2652d6dc484e7ba8dd2b3ffe30811bc9e5e13fbf7d73c349a0ea66cdd4d,visec_hf_002406,2406,02406.wav,50,north,sad,2,male,True,gender;speaker_id
dup_0137,7457ff15ef4f89629606c5e1676764fb9a47a61e32a8e6e83900d1c34b273535,visec_hf_002408,2408,02408.wav,14,north,happy,0,male,False,
dup_0131,6f337c383d12436d9c568a3e1249f117c4601260e471b50d1e3934c7ba8f7cd2,visec_hf_002414,2414,02414.wav,39,south,happy,0,female,False,
dup_0104,5f32b055956f5bacd6be91b75467d7e1f710687171575205628edfd117af1bbd,visec_hf_002417,2417,02417.wav,72,central,happy,0,male,False,
dup_0198,a7dc9cb3d13cc548b50148810edf2b08f440dd78ba76e031f577329edf31743f,visec_hf_002425,2425,02425.wav,14,north,happy,0,male,False,
dup_0049,38ec5f61b9a2e2a4b60cee53813f07f7a2d0a27f95a4a6699c7a2a1d739a1a3f,visec_hf_002436,2436,02436.wav,15,south,happy,0,male,False,
dup_0074,4b461fff1ddd8fee2f2994bc2858c032271a3d79b23381ba1d2b1198036410cd,visec_hf_002443,2443,02443.wav,6,central,happy,0,female,False,
dup_0088,5281118502595c260764425f84822087980752f796c07130d9c9c4018c8e76b1,visec_hf_002444,2444,02444.wav,38,south,happy,0,male,False,
dup_0119,69cb1562b979cccea3212dfbe3df52fba394ab912f6c80729248bf58ee501e46,visec_hf_002458,2458,02458.wav,25,north,happy,0,male,False,
dup_0187,9b1c687f1a6ea7150f6118c20485859b4bc9c4d7241db30d733c73392c8f9b71,visec_hf_002461,2461,02461.wav,60,north,happy,0,female,False,
dup_0126,6b58e7e45f6d779813f9e9b11089999aeeba76a8dd95aae291271b729859e32a,visec_hf_002463,2463,02463.wav,57,north,happy,0,male,False,
dup_0146,809ee8fc3b7f1fe51dfb160fdd3336ec71e498c0b66d8053d7b16ba41e05bdba,visec_hf_002470,2470,02470.wav,6,central,happy,0,female,False,
dup_0156,88a900f9f13de9df6e61f1fec10af50eca1c3d613fee2065d75a36bed887ae33,visec_hf_002478,2478,02478.wav,12,north,happy,0,male,False,
dup_0144,7e568675e669bbe79353be54eb1f113a5e96d92759ff36a4448a7d221b789dc1,visec_hf_002481,2481,02481.wav,15,south,happy,0,male,False,
dup_0134,718ff24af6584990f695d63651e3d32b512f217d9770c5b20cfd52a2de8f6f33,visec_hf_002485,2485,02485.wav,15,south,happy,0,male,False,
dup_0184,9a6dcd3b13bb70aa82b62846c130abdbf9cdf7c415e3a7ce6bbb79762434abd6,visec_hf_002486,2486,02486.wav,15,south,happy,0,male,False,
dup_0064,424ceb55a95ad6717cbe7d5f3c61a73b507aecb52f53de2bff9e7d6ba8553812,visec_hf_002490,2490,02490.wav,15,south,happy,0,male,False,
dup_0109,63933f3565b7ec5ea613dd66411431b78eccbbc764d5c008a6490e5195892af8,visec_hf_002494,2494,02494.wav,108,north,happy,0,female,False,
dup_0272,fa811fa9eea28ebbbb1a0a6f8b8d138ef0cf824a7d35768ae4e06485514fe30d,visec_hf_002498,2498,02498.wav,25,north,happy,0,male,False,
dup_0180,9551246e276729573839cd71aad771fc5e59d58dbfcdca33593723e746fef401,visec_hf_002502,2502,02502.wav,117,north,happy,0,female,False,
dup_0254,e5113abd0765a5bdad4c44dddb664086072ae98e0ac42a074fff275ecf7b9fde,visec_hf_002547,2547,02547.wav,29,north,happy,0,female,False,
dup_0250,e33acf4de4d0fc3b49841ee0097632373954f5e93606dfb0c60aece20671c8bf,visec_hf_002554,2554,02554.wav,59,south,happy,0,female,False,
dup_0268,f66e903a7751d6bc71ac86d554a25f192da5b71f5c140a3f4865098b21fba3cf,visec_hf_002582,2582,02582.wav,15,south,happy,0,male,False,
dup_0272,fa811fa9eea28ebbbb1a0a6f8b8d138ef0cf824a7d35768ae4e06485514fe30d,visec_hf_002589,2589,02589.wav,25,north,happy,0,male,False,
dup_0034,27ed83ea80a8efd22624f28fd9076f64e73cec8bca5b30dff3abcd124e2ee80e,visec_hf_002597,2597,02597.wav,12,north,happy,0,male,False,
dup_0206,ace736fdc1d335d961cfb0f60785656e5f249780781fc2c0940c2dccb56f3fe5,visec_hf_002607,2607,02607.wav,94,central,happy,0,male,False,
dup_0068,4718f06e36b7ae964dabc6e28cde5cb37f5e9a324213d332b072a621e9572f09,visec_hf_002612,2612,02612.wav,54,north,happy,0,female,False,
dup_0125,6b2ecdaefb27ebb563ae5c7b8f974067a034c72035045a05295162fa52a3c134,visec_hf_002638,2638,02638.wav,15,south,happy,0,male,False,
dup_0083,50e8cb7960a575625c98e82eadef28ea58220f43646aa5fb0e7dc94b38e06295,visec_hf_002642,2642,02642.wav,15,south,happy,0,male,False,
dup_0175,924f7b27e94ae93fb0fe349fb0d7ac6febdf060d4243d66181d04b6187030fc0,visec_hf_002647,2647,02647.wav,52,north,happy,0,female,False,
dup_0139,765fa4c44de158f6af3efc93fa21cb900932abd4b2b1328c85d546cfc16c43c4,visec_hf_002651,2651,02651.wav,3,north,happy,0,female,False,
dup_0084,516928c80997fe5360c148158f1d0b4cd2504ae2c7d300356c208a59eba96168,visec_hf_002677,2677,02677.wav,54,north,sad,2,female,False,
dup_0048,342f4e623538b4769ad2c181fcadca74f5988da3ddf5ab1a52bc3c35ee5dd9e6,visec_hf_002690,2690,02690.wav,60,north,happy,0,female,False,
dup_0217,b9fd9b9b327fbc521de8487d27520c3f5430996edefffbc92fec11f554ba77bb,visec_hf_002703,2703,02703.wav,12,north,happy,0,male,False,
dup_0258,ea4117eb52bf53d3e2eaa23388448aa4e80ece0e174e39106d470828f2a37575,visec_hf_002733,2733,02733.wav,12,north,sad,2,male,True,emotion;emotion_id
dup_0170,911944e7a9ae3a7069124f4506a793d68b43ab49a487f47e5a2d3427b0c366e9,visec_hf_002743,2743,02743.wav,56,south,happy,0,female,False,
dup_0118,684f0cd66895902befe5779d14d16eb90c000d6e2a3b308820cdfa8ad1a65137,visec_hf_002764,2764,02764.wav,14,north,happy,0,male,False,
dup_0149,84f8b30d6872056722eea887019932dabe3eb125738730c62820aa7fae2fd250,visec_hf_002765,2765,02765.wav,47,north,happy,0,female,False,
dup_0093,554394d2f308ec4e9c76616da53bb8e2f74096b921e9469aa7bdf017cde5268a,visec_hf_002777,2777,02777.wav,47,north,happy,0,female,False,
dup_0149,84f8b30d6872056722eea887019932dabe3eb125738730c62820aa7fae2fd250,visec_hf_002781,2781,02781.wav,47,north,happy,0,female,False,
dup_0091,53a26eb51e2a704126392377ef4aa019557fffd6397d33cc8a2143d44b579bb8,visec_hf_002782,2782,02782.wav,53,south,happy,0,female,False,
dup_0127,6bae75b9e6d39f8ea46e014840d43827d11f3b14575e1c226bea5d6f7e4ac68c,visec_hf_002788,2788,02788.wav,6,central,happy,0,female,False,
dup_0025,1b9f1069737b0ea5c7148ac7b3d36d1008d0e15f5cf95289698d46f594544fc1,visec_hf_002796,2796,02796.wav,57,north,happy,0,male,False,
dup_0050,3abc90b1b9b3358e2f8ef7881d3e4f949616eec321d7b6148f4452418e1c9b0b,visec_hf_002810,2810,02810.wav,47,north,happy,0,female,False,
dup_0093,554394d2f308ec4e9c76616da53bb8e2f74096b921e9469aa7bdf017cde5268a,visec_hf_002813,2813,02813.wav,47,north,happy,0,female,False,
dup_0268,f66e903a7751d6bc71ac86d554a25f192da5b71f5c140a3f4865098b21fba3cf,visec_hf_002822,2822,02822.wav,15,south,happy,0,male,False,
dup_0190,9f26d29ca643c8033de06c5e13df1e5cc1a39e26cff58c2ffb492cfe5c0e8159,visec_hf_002828,2828,02828.wav,6,central,happy,0,female,False,
dup_0274,fb790d151ee14d47fbfddd279c876dcfad64124afa066b0d903ad30c04060353,visec_hf_002830,2830,02830.wav,60,north,happy,0,female,False,
dup_0262,ebe25850bea205a26ec30a72fe38bd50d5e05de7c3839e5cfd82dfef5b96fb16,visec_hf_002860,2860,02860.wav,40,north,happy,0,female,False,
dup_0137,7457ff15ef4f89629606c5e1676764fb9a47a61e32a8e6e83900d1c34b273535,visec_hf_002861,2861,02861.wav,14,north,happy,0,male,False,
dup_0004,073a243da57d585fa4be461f4d29802e02c460560a9e06db50fbecd2e92ec02e,visec_hf_002869,2869,02869.wav,12,north,happy,0,male,False,
dup_0087,521196f2454420b4ab14b3a85055c08670063addffb83ac1c6518827051e3a11,visec_hf_002875,2875,02875.wav,6,central,happy,0,female,False,
dup_0275,fb9d0a530a5d74885e0293e3d0186d4d0b03949c66818f728603ab7366234fdf,visec_hf_002876,2876,02876.wav,52,north,happy,0,female,False,
dup_0238,d2c028ca639ad95baaa2bd3cd9ceefcfd44decb73d7b0faa2fe60be3595420d5,visec_hf_002885,2885,02885.wav,54,north,sad,2,female,False,
dup_0169,906f36ac8b175f5587d3919e94a6adfe6b0b7a9d0419779334b10a7e7b5482dc,visec_hf_002899,2899,02899.wav,49,south,happy,0,female,False,
dup_0173,92482b125d9b700c9ed29b4ef6c0a28a3da546d5677f2ed38ca9236dd0a00415,visec_hf_002905,2905,02905.wav,6,central,happy,0,female,False,
dup_0189,9e6ca2c2513e32493cbd173ad6a601f258f92d543d1cd3ff120a952464e1d4e7,visec_hf_002922,2922,02922.wav,54,north,sad,2,female,False,
dup_0186,9aa6f8bdd9ff9b1baddfeded8f043ac10f62193b064cfa8f5bbabbb644efddd4,visec_hf_002923,2923,02923.wav,6,central,happy,0,female,False,
dup_0108,62cab4f71bdf76f594091705194c34dfb66c47dd2d44b5f3195c2443c63c6998,visec_hf_002928,2928,02928.wav,90,north,happy,0,male,False,
dup_0003,061f903ebe42919b175006446e5e3841cb25e9e6ffffd89d5e2352c3b0f0faf8,visec_hf_002934,2934,02934.wav,15,south,happy,0,male,False,
dup_0148,834c342818525b9fd92e33769ed618b0d31bf5b6ec82dfbc8aa91021fe9199f4,visec_hf_002942,2942,02942.wav,14,north,happy,0,male,False,
dup_0108,62cab4f71bdf76f594091705194c34dfb66c47dd2d44b5f3195c2443c63c6998,visec_hf_002943,2943,02943.wav,90,north,happy,0,male,False,
dup_0204,aac9b6991b8befacde877899b9feea181ff30fc55826ff8b1073720a88c0bca0,visec_hf_002945,2945,02945.wav,25,north,happy,0,male,False,
dup_0105,5fd9c3e27d73292885a714513de119e5534601f164b770e1874d11708cfcb86c,visec_hf_002954,2954,02954.wav,25,north,happy,0,male,False,
dup_0240,d4072ee10fd495c6cbf2d4ddd5c0e312f86cb542ab666050f70bb1d4e1560355,visec_hf_002959,2959,02959.wav,117,north,happy,0,female,False,
dup_0066,44900f0cc2fa596ea83d1a2e19c6e179e17a87639f07bddeb940a780efb3d9b5,visec_hf_002965,2965,02965.wav,15,south,happy,0,male,False,
dup_0201,a97bab3e54e40d264d1d9b7e51b345780e735290cb9ef7c53f6c453bf5f8348c,visec_hf_002966,2966,02966.wav,44,south,happy,0,female,False,
dup_0083,50e8cb7960a575625c98e82eadef28ea58220f43646aa5fb0e7dc94b38e06295,visec_hf_002969,2969,02969.wav,15,south,happy,0,male,False,
dup_0020,14b924daf3cdb09959d4e7f5ef9f95be74b51032b9deea96fc2a23f0b6524be2,visec_hf_002978,2978,02978.wav,25,north,happy,0,male,False,
dup_0188,9e0f69953f5752e0576ebd573df43ac0e8e784444dfd028a54ba383761030953,visec_hf_002979,2979,02979.wav,50,north,sad,2,male,True,speaker_id
dup_0055,3d701f0b63b3721a270ac542163566ff60f05a7d01910a7fbd5e5e19bfd53034,visec_hf_002986,2986,02986.wav,6,central,happy,0,female,False,
dup_0022,171e7bb915391bf2e11215da45791d9a638ba44a6e9a44adf286fc4cbae2d7e7,visec_hf_002999,2999,02999.wav,12,north,happy,0,male,False,
dup_0059,4142fc4bff272c81719ea3e2352844710f27d95d207ff501a48812d9b51c9a35,visec_hf_003012,3012,03012.wav,56,south,happy,0,female,False,
dup_0174,924bbbd0428a93df0d13e9c0c0b4156f749e10d6339cc31c3d0f940f860ae77e,visec_hf_003025,3025,03025.wav,25,north,happy,0,male,False,
dup_0057,402a87cb1b17205a6b99065ebaba59e346ecdf16effdb2dfd234baa050856a46,visec_hf_003034,3034,03034.wav,99,south,happy,0,male,False,
dup_0166,8ec422fc0df79f2004e5f959be3364e1104cb4d0a979db1e62b3a45fe577be6e,visec_hf_003049,3049,03049.wav,57,north,happy,0,male,False,
dup_0143,7b6b4677eb283a849c2bab75c05132272c158ee785f62457da21d7be7442fe6d,visec_hf_003052,3052,03052.wav,12,north,happy,0,male,False,
dup_0255,e6b41cd6996e3068eda816d64e81d5094a837a22d27f807bec209de1fc2f1486,visec_hf_003065,3065,03065.wav,32,south,happy,0,female,False,
dup_0018,12d69d1df55f00889f28ff226fd4253dd89d9a34dfaf81ba76aa3a3fc0357046,visec_hf_003078,3078,03078.wav,14,north,happy,0,male,False,
dup_0051,3b68ce8c8d7f90b305762df4ce2cd333f32a0bc80e412982c921ada952800800,visec_hf_003079,3079,03079.wav,19,north,happy,0,female,False,
dup_0021,15c25e0aba2c8ce89151c36849add9b1e156aa436d428d949234db80151394ed,visec_hf_003087,3087,03087.wav,15,south,happy,0,male,False,
dup_0264,ee141a028ff89d4463eaba0c086d7fb6b7e85838827e01e964ee49b6d59bb452,visec_hf_003089,3089,03089.wav,47,north,happy,0,female,False,
dup_0012,0e6eba40fc7991c7b8e58b02f802b1c9ef7eb8152b45d417cea3719fee59f3d7,visec_hf_003094,3094,03094.wav,2,south,happy,0,female,False,
dup_0186,9aa6f8bdd9ff9b1baddfeded8f043ac10f62193b064cfa8f5bbabbb644efddd4,visec_hf_003100,3100,03100.wav,6,central,happy,0,female,False,
dup_0261,eb9074b072518fd916c3e7be839344d88ef4f2a3746bffeb6f6384a78300afb6,visec_hf_003107,3107,03107.wav,40,north,happy,0,female,False,
dup_0234,d075e51abe65fe0e59e9536d31c5efb058e5ab0abd1f2349028439e1a8c1f548,visec_hf_003118,3118,03118.wav,4,south,happy,0,male,False,
dup_0202,a9e1aa1133506a8158ddae4d004fdb156eac067c4518cd435bca42829e573b36,visec_hf_003145,3145,03145.wav,15,south,happy,0,male,False,
dup_0165,8dc1df1b937ff4ef15f5831839c78af4bd632732cd9fec5ecb7c7fc5ea195506,visec_hf_003148,3148,03148.wav,67,north,happy,0,female,False,
dup_0263,ed90cdb2c7bf8f4536a45620cfb66401a77f49ffb5962a19abb59aa5cbe50593,visec_hf_003188,3188,03188.wav,12,north,happy,0,male,False,
dup_0050,3abc90b1b9b3358e2f8ef7881d3e4f949616eec321d7b6148f4452418e1c9b0b,visec_hf_003194,3194,03194.wav,47,north,happy,0,female,False,
dup_0029,1ce1c76db72b1e8dbc364e1949ce334a2fca913f34e16fb0d0e67bc9c69063cf,visec_hf_003223,3223,03223.wav,38,south,happy,0,male,False,
dup_0026,1bca7fd2d99118366ef5d0acec516debb4421a473ee29d07454b91c14f9adcb6,visec_hf_003224,3224,03224.wav,51,south,happy,0,female,False,
dup_0111,6472e682e9333b7656cb0bcb498b7efc1284994bd755d4a8ae1ee7f7d851ed98,visec_hf_003230,3230,03230.wav,15,south,happy,0,male,False,
dup_0054,3c3fed5e278165350f5774e5342773abad1db91800b58be5c5b0bd4954047e53,visec_hf_003234,3234,03234.wav,12,north,happy,0,male,False,
dup_0226,c79980287dbb9050853537dfbd74c8b1a6c8121f16cc89012c26f08bd5488f8b,visec_hf_003256,3256,03256.wav,82,south,happy,0,male,False,
dup_0075,4c61073f3e0bcef89f4643080813800ebbea13131c6ef9f5dd08fdd2c711a353,visec_hf_003268,3268,03268.wav,132,north,happy,0,male,False,
dup_0208,aecf99a1b050a79cf4d2715b951e7deff03609121e36e874f4025872deb755d5,visec_hf_003296,3296,03296.wav,15,south,happy,0,male,False,
dup_0052,3c1c2733a53e5584e2d66302c4b77559b2e7572c10a84f248959ac615bf685f3,visec_hf_003297,3297,03297.wav,60,north,happy,0,female,False,
dup_0070,486284f44545f54501ff62d9dbf58c87634b3c106ad4128481dc5f6cf4a83a26,visec_hf_003327,3327,03327.wav,69,central,happy,0,male,False,
dup_0139,765fa4c44de158f6af3efc93fa21cb900932abd4b2b1328c85d546cfc16c43c4,visec_hf_003350,3350,03350.wav,3,north,happy,0,female,False,
dup_0035,282a00ab0cf63fc53bb0495ae78d0183465b096a66815cbb72137a12612a9067,visec_hf_003351,3351,03351.wav,6,central,happy,0,female,False,
dup_0276,fbd2855e36a112a5a8d9150ac2c6a33a277a30ff847d99734d45b5560bd5dee5,visec_hf_003356,3356,03356.wav,15,south,happy,0,male,False,
dup_0179,94ed5d061931041e4e3f5eae3c0302aee90ba5163536384edae4e56e8d5401e6,visec_hf_003384,3384,03384.wav,21,south,happy,0,male,False,
dup_0096,56e63f0bc9310d94d1d52cd3936a90cb37ba898966094421b7821812609a21ce,visec_hf_003390,3390,03390.wav,29,north,happy,0,female,False,
dup_0154,86356af400eccdabef057eb247eb3e426452c14f8dc6e4d782e840f0fcc8109d,visec_hf_003397,3397,03397.wav,14,north,happy,0,male,False,
dup_0267,f27fbb7c694f930d370d1987894d0a5640c90f04ffb7c995a0bd2b4752e83349,visec_hf_003406,3406,03406.wav,90,north,happy,0,male,False,
dup_0084,516928c80997fe5360c148158f1d0b4cd2504ae2c7d300356c208a59eba96168,visec_hf_003421,3421,03421.wav,54,north,sad,2,female,False,
dup_0222,c09d5f32ce63fe1e95e36b4ff11634ed971c552fdc977795f8376c08d5e1ae6e,visec_hf_003443,3443,03443.wav,60,north,happy,0,female,False,
dup_0061,41b5247d8a8f749d36aebb06f318cef3ad856083191f8ce2f4002b46c7007286,visec_hf_003446,3446,03446.wav,6,central,happy,0,female,False,
dup_0074,4b461fff1ddd8fee2f2994bc2858c032271a3d79b23381ba1d2b1198036410cd,visec_hf_003449,3449,03449.wav,6,central,happy,0,female,False,
dup_0013,0e9d32acc3d125b577118a333eee5f8986a74e7c64752b9117cf320213c49b72,visec_hf_003451,3451,03451.wav,15,south,happy,0,male,False,
dup_0277,ff8ba5567ed0af1d630d85c2c6955e42de2297cdb746f4f54125ca13de798092,visec_hf_003459,3459,03459.wav,29,north,happy,0,female,False,
dup_0031,1eaf92b198b552a3cec1a84b61ef5e41f13249264b126fb6c742573be630baee,visec_hf_003469,3469,03469.wav,29,north,happy,0,female,False,
dup_0193,a18b18cc97b7a526c2a84f65ab50326350ce246692976292f78f010599f47f2f,visec_hf_003472,3472,03472.wav,29,north,happy,0,female,False,
dup_0181,95665c6f2f8b5a5bbe14391c2a8857b7afbb94a4ac991eb9abaea1dd33ee9366,visec_hf_003473,3473,03473.wav,54,north,sad,2,female,False,
dup_0148,834c342818525b9fd92e33769ed618b0d31bf5b6ec82dfbc8aa91021fe9199f4,visec_hf_003511,3511,03511.wav,14,north,happy,0,male,False,
dup_0191,a0d5b33f75753a398458c4f294bb17c5447c2b3218264a828166f5b717ba49ce,visec_hf_003517,3517,03517.wav,6,central,happy,0,female,False,
dup_0028,1c2bdb4084783c03c775924ed7f04d856b7de648a4cf02d2381cf472bcaa9a58,visec_hf_003525,3525,03525.wav,15,south,happy,0,male,False,
dup_0048,342f4e623538b4769ad2c181fcadca74f5988da3ddf5ab1a52bc3c35ee5dd9e6,visec_hf_003527,3527,03527.wav,60,north,happy,0,female,False,
dup_0018,12d69d1df55f00889f28ff226fd4253dd89d9a34dfaf81ba76aa3a3fc0357046,visec_hf_003541,3541,03541.wav,14,north,happy,0,male,False,
dup_0263,ed90cdb2c7bf8f4536a45620cfb66401a77f49ffb5962a19abb59aa5cbe50593,visec_hf_003546,3546,03546.wav,12,north,happy,0,male,False,
dup_0016,10b26c6aa2f9c0e6bcb167ccf5bb8e440ea473020fba03a55a4ce026b147fe8c,visec_hf_003547,3547,03547.wav,6,central,happy,0,female,False,
dup_0193,a18b18cc97b7a526c2a84f65ab50326350ce246692976292f78f010599f47f2f,visec_hf_003577,3577,03577.wav,29,north,happy,0,female,False,
dup_0078,4f47791beadba0efe0c12ec291f67f893341aac89900248d03ee8aee405a543a,visec_hf_003591,3591,03591.wav,60,north,happy,0,female,False,
dup_0224,c43c4dd234c795fe41858bd718b49bc657fb5afea8710cf7db26198cfaf52239,visec_hf_003596,3596,03596.wav,50,north,happy,0,male,False,
dup_0201,a97bab3e54e40d264d1d9b7e51b345780e735290cb9ef7c53f6c453bf5f8348c,visec_hf_003598,3598,03598.wav,44,south,happy,0,female,False,
dup_0246,ddded72d540689e598ced24f2edcb815ac2722798b31147cd0d78548186c7f45,visec_hf_003600,3600,03600.wav,106,central,happy,0,female,False,
dup_0020,14b924daf3cdb09959d4e7f5ef9f95be74b51032b9deea96fc2a23f0b6524be2,visec_hf_003603,3603,03603.wav,25,north,happy,0,male,False,
dup_0214,b8a50ff5b00de4158e1a069d637af17080d910f59f0b6121a1813a22f60b69a7,visec_hf_003614,3614,03614.wav,6,central,happy,0,female,False,
dup_0079,4f4fcc99c7a8d87789917493318721a07a4b0f5216e04e59e3db6d193a6f155d,visec_hf_003619,3619,03619.wav,12,north,happy,0,male,False,
dup_0240,d4072ee10fd495c6cbf2d4ddd5c0e312f86cb542ab666050f70bb1d4e1560355,visec_hf_003630,3630,03630.wav,117,north,happy,0,female,False,
dup_0224,c43c4dd234c795fe41858bd718b49bc657fb5afea8710cf7db26198cfaf52239,visec_hf_003636,3636,03636.wav,50,north,happy,0,male,False,
dup_0246,ddded72d540689e598ced24f2edcb815ac2722798b31147cd0d78548186c7f45,visec_hf_003641,3641,03641.wav,106,central,happy,0,female,False,
dup_0098,5adca6baeba36812370cada22f528069cd79f0409ab2c0998d3a30c85e4fdcd6,visec_hf_003650,3650,03650.wav,92,central,happy,0,female,False,
dup_0245,dbf2f1d7b1c0e1015f93fb8058f12047229942ceec2c8ada75bb336d25f6068e,visec_hf_003656,3656,03656.wav,29,north,happy,0,female,False,
dup_0027,1bfb7c99a6f82d9f57f2940ebcf00e0a0cc0a825d593c6243a1b30e670c2e82b,visec_hf_003660,3660,03660.wav,26,north,happy,0,male,False,
dup_0242,d9e731ea11f454e73f8feae04b6c008109ba4b014c5c0eea2921a8132cfd737f,visec_hf_003679,3679,03679.wav,116,central,happy,0,male,False,
dup_0167,8ee5dc4c1f75fdf9107196a7e2308f4f129b8d6d4aa26096ab7f83c2b603257a,visec_hf_003701,3701,03701.wav,25,north,happy,0,male,False,
dup_0226,c79980287dbb9050853537dfbd74c8b1a6c8121f16cc89012c26f08bd5488f8b,visec_hf_003705,3705,03705.wav,82,south,happy,0,male,False,
dup_0121,6aaf4578da5d652120152bbc14508d634c1d1a5337f472cc0b80b00fc15100e3,visec_hf_003713,3713,03713.wav,22,north,happy,0,female,False,
dup_0085,51f18cb49df29b5f21310a4711c2ab61dce1bb46d9ac2086b297ed9bb2877f3a,visec_hf_003716,3716,03716.wav,29,north,happy,0,female,False,
dup_0153,86208bfaf875bb40371935fc24c785130b2ebb62cf9ff1472e05c129d48325de,visec_hf_003726,3726,03726.wav,15,south,happy,0,male,False,
dup_0236,d0db2ee5b5572b7982c3449caf96550354aaf8b9fb5cd940ef5958bf1636820b,visec_hf_003728,3728,03728.wav,54,north,sad,2,female,False,
dup_0007,0933050a52fb0533b4200a8f0fa7b6d1340bb179994d530425b5c124adbda2d6,visec_hf_003730,3730,03730.wav,6,central,happy,0,female,False,
dup_0184,9a6dcd3b13bb70aa82b62846c130abdbf9cdf7c415e3a7ce6bbb79762434abd6,visec_hf_003742,3742,03742.wav,15,south,happy,0,male,False,
dup_0107,615862a0f78cf9c6b3415b376644d03808d10df266819a53982f4d205b06ceb5,visec_hf_003746,3746,03746.wav,33,central,happy,0,female,False,
dup_0042,2d23ad22d154d303785796bac072035fb9cd4141f676ecee05d2dbd2f811277a,visec_hf_003755,3755,03755.wav,108,north,happy,0,female,False,
dup_0247,de96d3eb6cec38f9a2a6e3d3a6863abe52760da8d4e59b016ba99a519496c605,visec_hf_003772,3772,03772.wav,6,central,happy,0,female,False,
dup_0142,78c534277c30766eaeb63220472bf19aa835438fc2a5f4f6e8ae266e7dc1e12c,visec_hf_003777,3777,03777.wav,99,south,happy,0,male,False,
dup_0138,74f9a92c24f7924751bc9949295310f431fc85fdb815de862f82b06b95c81c83,visec_hf_003790,3790,03790.wav,87,north,happy,0,male,False,
dup_0217,b9fd9b9b327fbc521de8487d27520c3f5430996edefffbc92fec11f554ba77bb,visec_hf_003794,3794,03794.wav,12,north,happy,0,male,False,
dup_0158,88c73133344d8af97fe05ac35cafa1791746a45d1db1e7fed9e4da9c7d404ecd,visec_hf_003796,3796,03796.wav,29,north,happy,0,female,False,
dup_0019,13d909caa1d892346eec3e6f9af6d000408e45639ed71daec2ad75afd93a7120,visec_hf_003807,3807,03807.wav,19,north,happy,0,female,False,
dup_0207,ae961ba1fb98e882117aaa99ad4fea4d00be5cac215007b0a0ca45c1388b4299,visec_hf_003808,3808,03808.wav,15,south,happy,0,male,False,
dup_0056,3e4690673ddbe484b335f7f2a82f9d5cfd23a068369414bae5be567dc832a485,visec_hf_003817,3817,03817.wav,14,north,happy,0,male,False,
dup_0188,9e0f69953f5752e0576ebd573df43ac0e8e784444dfd028a54ba383761030953,visec_hf_003820,3820,03820.wav,25,north,sad,2,male,True,speaker_id
dup_0260,eb5fc959881fa70c4130ccbbebfbc7dd9287583f58b724ee51596e646a7be806,visec_hf_003824,3824,03824.wav,12,north,happy,0,male,False,
dup_0190,9f26d29ca643c8033de06c5e13df1e5cc1a39e26cff58c2ffb492cfe5c0e8159,visec_hf_003825,3825,03825.wav,6,central,happy,0,female,False,
dup_0153,86208bfaf875bb40371935fc24c785130b2ebb62cf9ff1472e05c129d48325de,visec_hf_003828,3828,03828.wav,15,south,happy,0,male,False,
dup_0183,98283ff31c1e17f13c2d287e23af496e546d1d1961205c6ee007dbf039db826a,visec_hf_003851,3851,03851.wav,41,north,happy,0,male,False,
dup_0164,8d6f485b3eecf2492badf32153d40c67e3eca931ad02098b5f96c895bf0724fe,visec_hf_003858,3858,03858.wav,92,central,happy,0,female,False,
dup_0266,efb2c77892cd0f907aad7a0d79613807c6a9f0c275bb6ec6cb007e7aa5215f6f,visec_hf_003859,3859,03859.wav,32,south,happy,0,female,False,
dup_0017,11bf847974c8fbc09b96e986505d9f9ef6dfb9747cbcb90d9cb939c0910eff44,visec_hf_003862,3862,03862.wav,25,north,happy,0,male,False,
dup_0167,8ee5dc4c1f75fdf9107196a7e2308f4f129b8d6d4aa26096ab7f83c2b603257a,visec_hf_003881,3881,03881.wav,25,north,happy,0,male,False,
dup_0250,e33acf4de4d0fc3b49841ee0097632373954f5e93606dfb0c60aece20671c8bf,visec_hf_003884,3884,03884.wav,59,south,happy,0,female,False,
dup_0237,d12802e0ef0d7d692b84f7bcb164cec5ff80eb861491f0e266fc4d7e49d873f7,visec_hf_003892,3892,03892.wav,3,north,happy,0,female,False,
dup_0203,aa95378c00e96a5ff67fb76b9a6fa92b3516e05f4297e89ad067007a5ff299f9,visec_hf_003896,3896,03896.wav,42,south,happy,0,female,False,
dup_0179,94ed5d061931041e4e3f5eae3c0302aee90ba5163536384edae4e56e8d5401e6,visec_hf_003925,3925,03925.wav,21,south,happy,0,male,False,
dup_0124,6afb594cf1324ca37193bb7c16af23cebc9b08b1bae8efc5ee1c63fa4ff039ce,visec_hf_003927,3927,03927.wav,50,north,happy,0,male,False,
dup_0271,fa2a0232f545b23af70fb67525c8a6ef993321d184ce29c022c0d872094ecfae,visec_hf_003932,3932,03932.wav,14,north,happy,0,male,False,
dup_0038,296c07e8d3a31bf56d1744406039e8d2611885af980d2e9987da96fd5e64f34f,visec_hf_003949,3949,03949.wav,53,south,happy,0,female,False,
dup_0262,ebe25850bea205a26ec30a72fe38bd50d5e05de7c3839e5cfd82dfef5b96fb16,visec_hf_003953,3953,03953.wav,40,north,happy,0,female,False,
dup_0089,52de1fadac9ae797dc4f8fd202fa01ac3249a4a6518ecf9fef73be40b4b4698e,visec_hf_003969,3969,03969.wav,50,north,sad,2,male,True,speaker_id
dup_0120,69de6043f8b332e3978b64ebbe79e5ed9c2044cb7bd3f6281cc616270cc20a2b,visec_hf_003972,3972,03972.wav,45,south,happy,0,female,False,
dup_0171,919e274bfa996e044862656ccb6a7e20f8ecc95fbb87bdcdfc939f589cd1ac3f,visec_hf_003973,3973,03973.wav,44,south,happy,0,female,False,
dup_0008,0ac2330b454fdce1a06beb66c346fcda4108aaeedb7cfe5d9ae3bb783d34fb45,visec_hf_003980,3980,03980.wav,121,north,happy,0,female,False,
dup_0005,0900dfe213297176ee362b41c1dcf8c68736dc369be41f989447f07b1d505805,visec_hf_004016,4016,04016.wav,15,south,happy,0,male,False,
dup_0219,bc96aa2c54dcc86ba5518026ff655cce9cf4f61ee71429f5aef6ff398d9b1b5d,visec_hf_004022,4022,04022.wav,3,north,happy,0,female,False,
dup_0058,407d05e313178a7db71a3d65610eb4daed154ba0bb3938342ab15e1b35bfd85c,visec_hf_004037,4037,04037.wav,52,north,happy,0,female,False,
dup_0237,d12802e0ef0d7d692b84f7bcb164cec5ff80eb861491f0e266fc4d7e49d873f7,visec_hf_004046,4046,04046.wav,3,north,happy,0,female,False,
dup_0204,aac9b6991b8befacde877899b9feea181ff30fc55826ff8b1073720a88c0bca0,visec_hf_004055,4055,04055.wav,25,north,happy,0,male,False,
dup_0165,8dc1df1b937ff4ef15f5831839c78af4bd632732cd9fec5ecb7c7fc5ea195506,visec_hf_004064,4064,04064.wav,67,north,happy,0,female,False,
dup_0039,2a2e5c5a0a6a14cafd7e338e79c014c007a4e1d721f5ff3871fe7f0a754f8970,visec_hf_004078,4078,04078.wav,72,central,happy,0,male,False,
dup_0277,ff8ba5567ed0af1d630d85c2c6955e42de2297cdb746f4f54125ca13de798092,visec_hf_004115,4115,04115.wav,29,north,happy,0,female,False,
dup_0002,0391ca4057cc8d733f1eb9edb731a0b632bd7a26ff3c23076ccf94834926066d,visec_hf_004119,4119,04119.wav,94,central,happy,0,male,False,
dup_0045,301d54665a0c4a94842b675513f1755cd778c2222a992b94fb48a7a5da1cec8a,visec_hf_004130,4130,04130.wav,87,north,happy,0,male,False,
dup_0123,6aeec69c15aeee3899234a17b98e97c1f8c27228c07868bffd4b800d11d15d3c,visec_hf_004131,4131,04131.wav,87,north,happy,0,male,False,
dup_0215,b92bfc2952b674e7e92857aeab9cdf9153175cc2ebdcc662248178e209f572f3,visec_hf_004138,4138,04138.wav,14,north,happy,0,male,False,
dup_0117,67f7a599164f35a1634b642046c064f9a60968cf8657f62123f7b877bfd8ef9b,visec_hf_004139,4139,04139.wav,12,north,happy,0,male,False,
dup_0049,38ec5f61b9a2e2a4b60cee53813f07f7a2d0a27f95a4a6699c7a2a1d739a1a3f,visec_hf_004151,4151,04151.wav,15,south,happy,0,male,False,
dup_0221,c02441f6c34540ac471bd491699f8c733d3ab29173ca364b8eac78e37bfd24e6,visec_hf_004156,4156,04156.wav,3,north,happy,0,female,False,
dup_0253,e4f04a8f849b325b2effcfe19c0b2b3dda064c743a4320bf11621c2a4728242d,visec_hf_004157,4157,04157.wav,57,north,happy,0,male,False,
dup_0053,3c28979994a1ba4f2d3accee07e2c6bf9dc06fb4ad6fbe23774e54301bb33a7c,visec_hf_004164,4164,04164.wav,46,north,happy,0,male,False,
dup_0231,cdd387a9bde12315878873553370288b6b555f8c9bde3b27c73157c24d805782,visec_hf_004168,4168,04168.wav,14,north,happy,0,male,False,
dup_0251,e462589478829e777a64d4975f3acca3ed4e7a51e7b7ba678714d95a642989ee,visec_hf_004202,4202,04202.wav,15,south,happy,0,male,False,
dup_0151,857d023e42b1686205bf8883bfe19ac32dabe56f0092561237957e2f8451693d,visec_hf_004206,4206,04206.wav,95,north,happy,0,male,False,
dup_0065,435ee38410be7b15389cc33105bacdabddd2e00d6121312686bfc4f05071727e,visec_hf_004218,4218,04218.wav,116,central,happy,0,male,False,
dup_0257,e939ac654c1b36da4c5f65384e537075c9328ea9aff6060df644557259201ea1,visec_hf_004233,4233,04233.wav,19,north,happy,0,female,False,
dup_0203,aa95378c00e96a5ff67fb76b9a6fa92b3516e05f4297e89ad067007a5ff299f9,visec_hf_004236,4236,04236.wav,42,south,happy,0,female,False,
dup_0183,98283ff31c1e17f13c2d287e23af496e546d1d1961205c6ee007dbf039db826a,visec_hf_004238,4238,04238.wav,41,north,happy,0,male,False,
dup_0196,a44d88f4c0c30425678f91aea43afbbe0dbbc60be216135628a667563fee431f,visec_hf_004253,4253,04253.wav,47,north,happy,0,female,False,
dup_0047,3429e989dec8066a271b3897ec307de2af15714bb05ddb82024a1047766b88f7,visec_hf_004254,4254,04254.wav,130,south,happy,0,male,False,
dup_0230,cd3fa668d0d0ccf24d17dde082217313fdf7e10dd5da2383eae670a19dbf5022,visec_hf_004264,4264,04264.wav,64,south,happy,0,male,False,
dup_0090,539452c2b7f61239fceb372e0a57456141a2b8bd1d93d9dfe2e8763ad90f8c0b,visec_hf_004285,4285,04285.wav,27,north,happy,0,male,False,
dup_0267,f27fbb7c694f930d370d1987894d0a5640c90f04ffb7c995a0bd2b4752e83349,visec_hf_004286,4286,04286.wav,90,north,happy,0,male,False,
dup_0141,76a894d3749b276403d7088666116e03b20fe433d126301eddc564f10fcedda3,visec_hf_004297,4297,04297.wav,33,central,happy,0,female,False,
dup_0231,cdd387a9bde12315878873553370288b6b555f8c9bde3b27c73157c24d805782,visec_hf_004299,4299,04299.wav,14,north,happy,0,male,False,
dup_0254,e5113abd0765a5bdad4c44dddb664086072ae98e0ac42a074fff275ecf7b9fde,visec_hf_004301,4301,04301.wav,29,north,happy,0,female,False,
dup_0100,5bdec3a791d26c2ed1eb3c449d25a72ef1c4ad5629d035a6cfa6a1c15d03632e,visec_hf_004302,4302,04302.wav,40,north,happy,0,female,False,
dup_0087,521196f2454420b4ab14b3a85055c08670063addffb83ac1c6518827051e3a11,visec_hf_004303,4303,04303.wav,6,central,happy,0,female,False,
dup_0014,0f20a1941f55b69a62348abd0e8581c79bb9a69ff76810f7dd2a41758b94469c,visec_hf_004307,4307,04307.wav,21,south,happy,0,male,False,
dup_0181,95665c6f2f8b5a5bbe14391c2a8857b7afbb94a4ac991eb9abaea1dd33ee9366,visec_hf_004308,4308,04308.wav,54,north,sad,2,female,False,
dup_0096,56e63f0bc9310d94d1d52cd3936a90cb37ba898966094421b7821812609a21ce,visec_hf_004327,4327,04327.wav,29,north,happy,0,female,False,
dup_0270,f951c2652d6dc484e7ba8dd2b3ffe30811bc9e5e13fbf7d73c349a0ea66cdd4d,visec_hf_004331,4331,04331.wav,25,north,sad,2,female,True,gender;speaker_id
dup_0192,a11ba6652e13391c7748e9cda2d49d76da4f1287ba3a148018bdcf458f73ca75,visec_hf_004335,4335,04335.wav,6,central,happy,0,female,False,
dup_0259,ea7e7511b0e19d8e274a6f4c869024052983f5ac8424c19d7eaf3638cc023671,visec_hf_004355,4355,04355.wav,83,south,happy,0,female,False,
dup_0036,282e10b3ce1dfbd4f5e57fbc0e831c4771decb407462bb38622c785200fcfdf5,visec_hf_004366,4366,04366.wav,14,north,happy,0,male,False,
dup_0010,0d01b54b6a6d6702723de1b4e90ed7361047ad5cf0b6f7fe62c50b1aba404531,visec_hf_004369,4369,04369.wav,29,north,happy,0,female,False,
dup_0077,4ef4839887c81ed017585381f308eda1187679a7186c07dca97049d663da8a26,visec_hf_004385,4385,04385.wav,32,south,sad,2,female,False,
dup_0160,89983b341caa3d68d7ee33342808dcce6de5f63833f15b13fbdc39716de06159,visec_hf_004387,4387,04387.wav,41,north,happy,0,male,False,
dup_0076,4d27c503cff5df6412ae91f0ef34ae791b67e3307501b5266c0c94d128f54211,visec_hf_004399,4399,04399.wav,85,south,sad,2,male,False,
dup_0269,f795d3537469e1960f68a72d90bc52206dedc8a2adc9ff288bc5e2cab4b9f1f3,visec_hf_004405,4405,04405.wav,28,central,happy,0,male,False,
dup_0194,a3726620bcfd463ecc7975cf351bb507e57d1d525599584479220d6f0faf9ec8,visec_hf_004407,4407,04407.wav,42,south,happy,0,female,False,
dup_0210,b082405f298706bcfb5edd95dd9252bdc8be6a12d8df022679f42dfd77edc3e6,visec_hf_004411,4411,04411.wav,82,south,sad,2,male,True,speaker_id
dup_0208,aecf99a1b050a79cf4d2715b951e7deff03609121e36e874f4025872deb755d5,visec_hf_004417,4417,04417.wav,15,south,happy,0,male,False,
dup_0133,70fb5afcf38657435b45cf4b5f0ff0d0c43d3db5e5f1155ba81f91f270d86797,visec_hf_004432,4432,04432.wav,42,south,happy,0,female,False,
dup_0079,4f4fcc99c7a8d87789917493318721a07a4b0f5216e04e59e3db6d193a6f155d,visec_hf_004439,4439,04439.wav,12,north,happy,0,male,False,
dup_0044,2dded39de3e7afc40b1a3580c07a772da50a1c5e66b0cdc4d4ffa5514d2f8ebc,visec_hf_004445,4445,04445.wav,15,south,sad,2,male,False,
dup_0036,282e10b3ce1dfbd4f5e57fbc0e831c4771decb407462bb38622c785200fcfdf5,visec_hf_004454,4454,04454.wav,14,north,happy,0,male,False,
dup_0037,28580662f31582b1295ba9ede987aa837f17356b116f5d24190738771c289371,visec_hf_004463,4463,04463.wav,14,north,happy,0,male,False,
dup_0011,0ddf2b31508ae1a70b46a5a01eda1471eed6b9502143fd6681e220e9c75f071d,visec_hf_004470,4470,04470.wav,14,north,happy,0,male,False,
dup_0245,dbf2f1d7b1c0e1015f93fb8058f12047229942ceec2c8ada75bb336d25f6068e,visec_hf_004485,4485,04485.wav,29,north,happy,0,female,False,
dup_0244,db373f0c220634897e956b17b9d5cb06d0fa6e2301d7d903485899ba92be3a39,visec_hf_004501,4501,04501.wav,97,south,happy,0,male,False,
dup_0135,71c5fd5029e553770ddba27f8cbf09fc448ac34e6fac84f0c56641caf73b9c88,visec_hf_004502,4502,04502.wav,99,south,happy,0,male,False,
dup_0015,0f6d65fee9f57e5c3ea435c000aad42759f642bc5c2e88f633de4df754b5de4c,visec_hf_004508,4508,04508.wav,6,central,happy,0,female,False,
dup_0114,669b25e4d90cf58d2116c90d0d5e9df948411bdd1192775ce0e0fc0226f23643,visec_hf_004547,4547,04547.wav,82,south,sad,2,male,True,speaker_id
dup_0199,a8610d0c9b208718f826bf6c3271e4fcd8a5ff50127575f47deb14d6928c8729,visec_hf_004551,4551,04551.wav,15,south,happy,0,male,False,
dup_0059,4142fc4bff272c81719ea3e2352844710f27d95d207ff501a48812d9b51c9a35,visec_hf_004553,4553,04553.wav,56,south,happy,0,female,False,
dup_0158,88c73133344d8af97fe05ac35cafa1791746a45d1db1e7fed9e4da9c7d404ecd,visec_hf_004562,4562,04562.wav,29,north,happy,0,female,False,
dup_0122,6abb341176358692722eb46fa00c7bbf916bd39d5c99013bca9752cd13336b6f,visec_hf_004564,4564,04564.wav,14,north,happy,0,male,False,
dup_0101,5c6608216d5452a883136f3b787ab1a2b605e3f82f7c60d71dfede11b152af80,visec_hf_004572,4572,04572.wav,25,north,sad,2,male,True,speaker_id
dup_0166,8ec422fc0df79f2004e5f959be3364e1104cb4d0a979db1e62b3a45fe577be6e,visec_hf_004575,4575,04575.wav,57,north,happy,0,male,False,
dup_0258,ea4117eb52bf53d3e2eaa23388448aa4e80ece0e174e39106d470828f2a37575,visec_hf_004581,4581,04581.wav,12,north,neutral,1,male,True,emotion;emotion_id
dup_0130,6f192a883b25485f26d0ca7eacc2f55646d3f9665e07ddb09d2f678fa9ca9161,visec_hf_004597,4597,04597.wav,6,central,happy,0,female,False,
dup_0085,51f18cb49df29b5f21310a4711c2ab61dce1bb46d9ac2086b297ed9bb2877f3a,visec_hf_004598,4598,04598.wav,29,north,happy,0,female,False,
dup_0198,a7dc9cb3d13cc548b50148810edf2b08f440dd78ba76e031f577329edf31743f,visec_hf_004599,4599,04599.wav,14,north,happy,0,male,False,
dup_0032,219a7390ed25a6cc81031fd0984da98ac2f93a473d52d1c7a399f38bd734de0a,visec_hf_004613,4613,04613.wav,97,south,sad,2,male,False,
dup_0177,9359e2c84c3a1cded425436d6056cda81b6cdc5d8f62cce1829afe3d67d5c898,visec_hf_004615,4615,04615.wav,12,north,sad,2,male,False,
dup_0099,5b14723835e36676e7f93915698aa3cdc0ba828646a693b0dd5b636d2f28874f,visec_hf_004616,4616,04616.wav,52,north,happy,0,female,False,
dup_0257,e939ac654c1b36da4c5f65384e537075c9328ea9aff6060df644557259201ea1,visec_hf_004619,4619,04619.wav,19,north,happy,0,female,False,
dup_0104,5f32b055956f5bacd6be91b75467d7e1f710687171575205628edfd117af1bbd,visec_hf_004629,4629,04629.wav,72,central,happy,0,male,False,
dup_0126,6b58e7e45f6d779813f9e9b11089999aeeba76a8dd95aae291271b729859e32a,visec_hf_004635,4635,04635.wav,57,north,happy,0,male,False,
dup_0197,a78dfa4ce50dd3c6af2e49ee19b2ae2838ab8926c730b460a79a103b34cc6030,visec_hf_004654,4654,04654.wav,12,north,happy,0,male,False,
dup_0173,92482b125d9b700c9ed29b4ef6c0a28a3da546d5677f2ed38ca9236dd0a00415,visec_hf_004656,4656,04656.wav,6,central,happy,0,female,False,
dup_0196,a44d88f4c0c30425678f91aea43afbbe0dbbc60be216135628a667563fee431f,visec_hf_004670,4670,04670.wav,47,north,happy,0,female,False,
dup_0106,60aa7ccd0973eb961429f1f9d1d2cb73029dcc0046cd5d3659e1bc864828011f,visec_hf_004672,4672,04672.wav,6,central,happy,0,female,False,
dup_0042,2d23ad22d154d303785796bac072035fb9cd4141f676ecee05d2dbd2f811277a,visec_hf_004679,4679,04679.wav,108,north,happy,0,female,False,
dup_0214,b8a50ff5b00de4158e1a069d637af17080d910f59f0b6121a1813a22f60b69a7,visec_hf_004688,4688,04688.wav,6,central,happy,0,female,False,
dup_0209,b07832993d70c297db1682d8a0e10f9dac4c18d4048bbe152157020bbb414fe3,visec_hf_004707,4707,04707.wav,77,north,happy,0,female,False,
dup_0235,d0ba8b629a69acbf4db9288fda937b5503ea3952c47c8cd590062d2f6b01cebf,visec_hf_004712,4712,04712.wav,55,south,happy,0,female,False,
dup_0202,a9e1aa1133506a8158ddae4d004fdb156eac067c4518cd435bca42829e573b36,visec_hf_004721,4721,04721.wav,15,south,happy,0,male,False,
dup_0140,76897b10534b535dd79456e179568f1f1cd2ea3c1f7efefac0d9ab1e0277412c,visec_hf_004730,4730,04730.wav,65,central,happy,0,female,False,
dup_0124,6afb594cf1324ca37193bb7c16af23cebc9b08b1bae8efc5ee1c63fa4ff039ce,visec_hf_004751,4751,04751.wav,50,north,happy,0,male,False,
dup_0012,0e6eba40fc7991c7b8e58b02f802b1c9ef7eb8152b45d417cea3719fee59f3d7,visec_hf_004761,4761,04761.wav,2,south,happy,0,female,False,
dup_0033,220bef2df9bbb673bc4ab90be31dd9004d83710672b84778e09b317470537ef3,visec_hf_004762,4762,04762.wav,6,central,happy,0,female,False,
dup_0180,9551246e276729573839cd71aad771fc5e59d58dbfcdca33593723e746fef401,visec_hf_004774,4774,04774.wav,117,north,happy,0,female,False,
dup_0081,50753368765993b3e636d7dea98d2123eb201893020865aa4c5726f8857966bc,visec_hf_004778,4778,04778.wav,15,south,happy,0,male,False,
dup_0028,1c2bdb4084783c03c775924ed7f04d856b7de648a4cf02d2381cf472bcaa9a58,visec_hf_004781,4781,04781.wav,15,south,happy,0,male,False,
dup_0156,88a900f9f13de9df6e61f1fec10af50eca1c3d613fee2065d75a36bed887ae33,visec_hf_004786,4786,04786.wav,12,north,happy,0,male,False,
dup_0030,1d4f9fbe7114de0194b3ed3e8f19d8bcd771eaa74988f9c45833ea06a5263980,visec_hf_004815,4815,04815.wav,72,central,happy,0,male,False,
dup_0016,10b26c6aa2f9c0e6bcb167ccf5bb8e440ea473020fba03a55a4ce026b147fe8c,visec_hf_004818,4818,04818.wav,6,central,happy,0,female,False,
dup_0213,b7635773dcf64c6bb6d676e9b85349a6b7a02f30083a44dba24baeb6782a14f9,visec_hf_004820,4820,04820.wav,90,north,happy,0,male,False,
dup_0192,a11ba6652e13391c7748e9cda2d49d76da4f1287ba3a148018bdcf458f73ca75,visec_hf_004830,4830,04830.wav,6,central,happy,0,female,False,
dup_0274,fb790d151ee14d47fbfddd279c876dcfad64124afa066b0d903ad30c04060353,visec_hf_004831,4831,04831.wav,60,north,happy,0,female,False,
dup_0130,6f192a883b25485f26d0ca7eacc2f55646d3f9665e07ddb09d2f678fa9ca9161,visec_hf_004832,4832,04832.wav,6,central,happy,0,female,False,
dup_0115,6718e0fc35199047fed2e75ff0a00713c803aac3551cfcb159af007b1a7ba5df,visec_hf_004833,4833,04833.wav,60,north,happy,0,female,False,
dup_0236,d0db2ee5b5572b7982c3449caf96550354aaf8b9fb5cd940ef5958bf1636820b,visec_hf_004834,4834,04834.wav,54,north,sad,2,female,False,
dup_0073,4a35190b53a30ae19fec28498b7b97d8e9be9257c562744e0dbd180008bd7e92,visec_hf_004839,4839,04839.wav,15,south,happy,0,male,False,
dup_0134,718ff24af6584990f695d63651e3d32b512f217d9770c5b20cfd52a2de8f6f33,visec_hf_004846,4846,04846.wav,15,south,happy,0,male,False,
dup_0266,efb2c77892cd0f907aad7a0d79613807c6a9f0c275bb6ec6cb007e7aa5215f6f,visec_hf_004856,4856,04856.wav,32,south,happy,0,female,False,
dup_0218,bc66baca8eceaa7d54314dc64e35479262b7294fa163701348e56b1983a75da8,visec_hf_004874,4874,04874.wav,25,north,happy,0,male,False,
dup_0238,d2c028ca639ad95baaa2bd3cd9ceefcfd44decb73d7b0faa2fe60be3595420d5,visec_hf_004887,4887,04887.wav,54,north,sad,2,female,False,
dup_0118,684f0cd66895902befe5779d14d16eb90c000d6e2a3b308820cdfa8ad1a65137,visec_hf_004888,4888,04888.wav,14,north,happy,0,male,False,
dup_0252,e4b946550d5664b85808f52811777fa746fcb58615751ffc7858e9605a02d549,visec_hf_004896,4896,04896.wav,2,south,happy,0,female,False,
dup_0010,0d01b54b6a6d6702723de1b4e90ed7361047ad5cf0b6f7fe62c50b1aba404531,visec_hf_004898,4898,04898.wav,29,north,happy,0,female,False,
dup_0220,bd21d2b081e6e448bdc4bec591c34c9e0501c0eee07afb7ec59c99eec3dbd85c,visec_hf_004908,4908,04908.wav,44,south,sad,2,female,False,
dup_0110,6433c05b0a6697770b5d2ebcfb38cf353f680a869d3328e94f73927be3c5d31e,visec_hf_004909,4909,04909.wav,12,north,happy,0,male,False,
dup_0164,8d6f485b3eecf2492badf32153d40c67e3eca931ad02098b5f96c895bf0724fe,visec_hf_004917,4917,04917.wav,92,central,happy,0,female,False,
dup_0176,9276fc57e18df2301716efae052f4d59520aa03fe2331e5cd678d830f629dad5,visec_hf_004946,4946,04946.wav,6,central,happy,0,female,False,
dup_0128,6d26f020ac746fe6bf98aae1e35c7f4c5cf25244fe4e67fcda315c7ba2d228a8,visec_hf_004948,4948,04948.wav,38,south,happy,0,male,False,
dup_0157,88acdf6e44c4db8d8d942781fbc04a5b3493fb6db47a91d04aed247f2c7d6017,visec_hf_004967,4967,04967.wav,101,central,happy,0,male,False,
dup_0089,52de1fadac9ae797dc4f8fd202fa01ac3249a4a6518ecf9fef73be40b4b4698e,visec_hf_004970,4970,04970.wav,25,north,sad,2,male,True,speaker_id
dup_0062,41e3d324d65b1eadd154ec8b83f234264c8a7b5bd383e3a4dbcf40f6a1ac1c3c,visec_hf_004973,4973,04973.wav,27,north,happy,0,male,False,
dup_0219,bc96aa2c54dcc86ba5518026ff655cce9cf4f61ee71429f5aef6ff398d9b1b5d,visec_hf_004977,4977,04977.wav,3,north,happy,0,female,False,
dup_0155,86843bea90de87f50c77a78a7972ebe6397e760ccd641d897cb375839ad2e0f2,visec_hf_004980,4980,04980.wav,26,north,happy,0,male,False,
dup_0052,3c1c2733a53e5584e2d66302c4b77559b2e7572c10a84f248959ac615bf685f3,visec_hf_004990,4990,04990.wav,60,north,happy,0,female,False,
dup_0256,e8011e5b52c40432021663277da28abd0fb1e5c3daa8c1bdb70be0eb795086da,visec_hf_004996,4996,04996.wav,39,south,happy,0,female,False,
dup_0070,486284f44545f54501ff62d9dbf58c87634b3c106ad4128481dc5f6cf4a83a26,visec_hf_005012,5012,05012.wav,69,central,happy,0,male,False,
dup_0223,c24946431a28484eba403a768497f6f9172758d49c81f722d2396831932e86db,visec_hf_005027,5027,05027.wav,39,south,happy,0,female,False,
dup_0046,3399d3a990f5628854aece4cc1493fe29ba58b59c69e72d9b5881e4af3a63def,visec_hf_005041,5041,05041.wav,54,north,happy,0,female,False,
dup_0045,301d54665a0c4a94842b675513f1755cd778c2222a992b94fb48a7a5da1cec8a,visec_hf_005042,5042,05042.wav,87,north,happy,0,male,False,
dup_0145,7eb68b79bcfd8d9dc6d659f42558f70554a05c9d4c9d1d42f5a1eddc91121af3,visec_hf_005089,5089,05089.wav,16,north,happy,0,female,False,
dup_0011,0ddf2b31508ae1a70b46a5a01eda1471eed6b9502143fd6681e220e9c75f071d,visec_hf_005105,5105,05105.wav,14,north,happy,0,male,False,
dup_0102,5ea892d4d3b9dbe0bebee976db17a90413b314dc3c012ecfc9ecec0ac09050d4,visec_hf_005107,5107,05107.wav,50,north,happy,0,male,False,
dup_0159,8990f11a7cd756684a96570a59e62ee82130bb50969195a47dcbcf13a3b66642,visec_hf_005108,5108,05108.wav,54,north,sad,2,female,False,
dup_0032,219a7390ed25a6cc81031fd0984da98ac2f93a473d52d1c7a399f38bd734de0a,visec_hf_005113,5113,05113.wav,97,south,sad,2,male,False,
dup_0260,eb5fc959881fa70c4130ccbbebfbc7dd9287583f58b724ee51596e646a7be806,visec_hf_005118,5118,05118.wav,12,north,happy,0,male,False,
dup_0046,3399d3a990f5628854aece4cc1493fe29ba58b59c69e72d9b5881e4af3a63def,visec_hf_005154,5154,05154.wav,54,north,happy,0,female,False,
dup_0163,8c54358252e8a1d35bafe4f22c3c01af3c879c94e034738681f50c4a4f8627f3,visec_hf_005182,5182,05182.wav,14,north,happy,0,male,False,
dup_0244,db373f0c220634897e956b17b9d5cb06d0fa6e2301d7d903485899ba92be3a39,visec_hf_005186,5186,05186.wav,97,south,happy,0,male,False,
dup_0195,a3907430fc2cbce4115c5046c682d1c7539ac296d0ac47be0e1739ff161f988c,visec_hf_005192,5192,05192.wav,15,south,happy,0,male,False,
dup_0007,0933050a52fb0533b4200a8f0fa7b6d1340bb179994d530425b5c124adbda2d6,visec_hf_005196,5196,05196.wav,6,central,happy,0,female,False,
dup_0200,a914cf25ea80a351c499ded72caa023fd48737e14a5e86dda1cecc928e73924b,visec_hf_005204,5204,05204.wav,60,north,happy,0,female,False,
dup_0234,d075e51abe65fe0e59e9536d31c5efb058e5ab0abd1f2349028439e1a8c1f548,visec_hf_005207,5207,05207.wav,4,south,happy,0,male,False,
dup_0168,902806d7fd89116a26a36afee13b35b6a4f3982c39ac4cbd099937f69ec33253,visec_hf_005242,5242,05242.wav,44,south,happy,0,female,False,
dup_0185,9a91f822ba5d249dad9c00043166a781188d0219dffe6034b12300c79bb1284f,visec_hf_005250,5250,05250.wav,6,central,happy,0,female,False,
dup_0098,5adca6baeba36812370cada22f528069cd79f0409ab2c0998d3a30c85e4fdcd6,visec_hf_005251,5251,05251.wav,92,central,happy,0,female,False,
dup_0101,5c6608216d5452a883136f3b787ab1a2b605e3f82f7c60d71dfede11b152af80,visec_hf_005261,5261,05261.wav,50,north,sad,2,male,True,speaker_id
dup_0172,91de4637a21a9b497d21830d096d3ae8f99605b3c1f56324f4c48a5701b0ab9a,visec_hf_005273,5273,05273.wav,87,north,happy,0,male,False,

